year,month,month_date,fuel_type,generation_mwh,total_generation_mwh,pct_share,pct_share_prior_year,yoy_change_ppts,rolling_12m_avg_pct
2015,1,2015-01-01,coal,11365000.0,38164000.0,29.779,,,29.779
2015,1,2015-01-01,hydro,131000.0,38164000.0,0.343,,,0.343
2015,1,2015-01-01,natural_gas,19252000.0,38164000.0,50.445,,,50.445
2015,1,2015-01-01,nuclear,3817000.0,38164000.0,10.002,,,10.002
2015,1,2015-01-01,other,536000.0,38164000.0,1.404,,,1.404
2015,1,2015-01-01,solar,32000.0,38164000.0,0.084,,,0.084
2015,1,2015-01-01,wind,3031000.0,38164000.0,7.942,,,7.942
2015,2,2015-02-01,coal,9146000.0,33449000.0,27.343,,,28.561
2015,2,2015-02-01,hydro,8000.0,33449000.0,0.024,,,0.18350000000000002
2015,2,2015-02-01,natural_gas,16980000.0,33449000.0,50.764,,,50.6045
2015,2,2015-02-01,nuclear,3442000.0,33449000.0,10.29,,,10.146
2015,2,2015-02-01,other,572000.0,33449000.0,1.71,,,1.557
2015,2,2015-02-01,solar,33000.0,33449000.0,0.099,,,0.0915
2015,2,2015-02-01,wind,3268000.0,33449000.0,9.77,,,8.856
2015,3,2015-03-01,coal,7403000.0,33042000.0,22.405,,,26.509
2015,3,2015-03-01,hydro,81000.0,33042000.0,0.245,,,0.20400000000000004
2015,3,2015-03-01,natural_gas,18801000.0,33042000.0,56.9,,,52.703
2015,3,2015-03-01,nuclear,3694000.0,33042000.0,11.18,,,10.490666666666668
2015,3,2015-03-01,other,477000.0,33042000.0,1.444,,,1.5193333333333332
2015,3,2015-03-01,solar,42000.0,33042000.0,0.127,,,0.10333333333333333
2015,3,2015-03-01,wind,2544000.0,33042000.0,7.699,,,8.470333333333334
2015,4,2015-04-01,coal,7224000.0,32009000.0,22.569,,,25.524
2015,4,2015-04-01,hydro,138000.0,32009000.0,0.431,,,0.26075000000000004
2015,4,2015-04-01,natural_gas,17317000.0,32009000.0,54.1,,,53.05225
2015,4,2015-04-01,nuclear,2697000.0,32009000.0,8.426,,,9.9745
2015,4,2015-04-01,other,489000.0,32009000.0,1.528,,,1.5215
2015,4,2015-04-01,solar,45000.0,32009000.0,0.141,,,0.11274999999999999
2015,4,2015-04-01,wind,4099000.0,32009000.0,12.806,,,9.55425
2015,5,2015-05-01,coal,9416000.0,35902000.0,26.227,,,25.6646
2015,5,2015-05-01,hydro,130000.0,35902000.0,0.362,,,0.281
2015,5,2015-05-01,natural_gas,17995000.0,35902000.0,50.123,,,52.4664
2015,5,2015-05-01,nuclear,3425000.0,35902000.0,9.54,,,9.8876
2015,5,2015-05-01,other,518000.0,35902000.0,1.443,,,1.5058
2015,5,2015-05-01,solar,47000.0,35902000.0,0.131,,,0.11639999999999999
2015,5,2015-05-01,wind,4371000.0,35902000.0,12.175,,,10.078399999999998
2015,6,2015-06-01,coal,12734000.0,41647000.0,30.576,,,26.483166666666666
2015,6,2015-06-01,hydro,159000.0,41647000.0,0.382,,,0.2978333333333334
2015,6,2015-06-01,natural_gas,21171000.0,41647000.0,50.834,,,52.19433333333333
2015,6,2015-06-01,nuclear,3568000.0,41647000.0,8.567,,,9.6675
2015,6,2015-06-01,other,541000.0,41647000.0,1.299,,,1.4713333333333332
2015,6,2015-06-01,solar,63000.0,41647000.0,0.151,,,0.12216666666666666
2015,6,2015-06-01,wind,3411000.0,41647000.0,8.19,,,9.763666666666666
2015,7,2015-07-01,coal,13390000.0,46935000.0,28.529,,,26.77542857142857
2015,7,2015-07-01,hydro,47000.0,46935000.0,0.1,,,0.26957142857142863
2015,7,2015-07-01,natural_gas,25090000.0,46935000.0,53.457,,,52.37471428571428
2015,7,2015-07-01,nuclear,3715000.0,46935000.0,7.915,,,9.417142857142858
2015,7,2015-07-01,other,564000.0,46935000.0,1.202,,,1.4328571428571428
2015,7,2015-07-01,solar,70000.0,46935000.0,0.149,,,0.126
2015,7,2015-07-01,wind,4059000.0,46935000.0,8.648,,,9.604285714285712
2015,8,2015-08-01,coal,13450000.0,46863000.0,28.701,,,27.016125
2015,8,2015-08-01,hydro,44000.0,46863000.0,0.094,,,0.24762500000000007
2015,8,2015-08-01,natural_gas,25789000.0,46863000.0,55.031,,,52.70675
2015,8,2015-08-01,nuclear,3707000.0,46863000.0,7.91,,,9.22875
2015,8,2015-08-01,other,582000.0,46863000.0,1.242,,,1.4089999999999998
2015,8,2015-08-01,solar,73000.0,46863000.0,0.156,,,0.12975
2015,8,2015-08-01,wind,3218000.0,46863000.0,6.867,,,9.262125
2015,9,2015-09-01,coal,12171000.0,41496000.0,29.331,,,27.27333333333333
2015,9,2015-09-01,hydro,48000.0,41496000.0,0.116,,,0.23300000000000004
2015,9,2015-09-01,natural_gas,21630000.0,41496000.0,52.126,,,52.642222222222216
2015,9,2015-09-01,nuclear,3604000.0,41496000.0,8.685,,,9.168333333333333
2015,9,2015-09-01,other,515000.0,41496000.0,1.241,,,1.3903333333333332
2015,9,2015-09-01,solar,63000.0,41496000.0,0.152,,,0.1322222222222222
2015,9,2015-09-01,wind,3465000.0,41496000.0,8.35,,,9.160777777777776
2015,10,2015-10-01,coal,9726000.0,35261000.0,27.583,,,27.3043
2015,10,2015-10-01,hydro,23000.0,35261000.0,0.065,,,0.21620000000000003
2015,10,2015-10-01,natural_gas,18870000.0,35261000.0,53.515,,,52.729499999999994
2015,10,2015-10-01,nuclear,2439000.0,35261000.0,6.917,,,8.943200000000001
2015,10,2015-10-01,other,486000.0,35261000.0,1.378,,,1.3890999999999998
2015,10,2015-10-01,solar,56000.0,35261000.0,0.159,,,0.1349
2015,10,2015-10-01,wind,3661000.0,35261000.0,10.383,,,9.282999999999998
2015,11,2015-11-01,coal,7958000.0,31934000.0,24.92,,,27.087545454545456
2015,11,2015-11-01,hydro,65000.0,31934000.0,0.204,,,0.21509090909090914
2015,11,2015-11-01,natural_gas,16358000.0,31934000.0,51.224,,,52.592636363636366
2015,11,2015-11-01,nuclear,2273000.0,31934000.0,7.118,,,8.777272727272727
2015,11,2015-11-01,other,519000.0,31934000.0,1.625,,,1.4105454545454543
2015,11,2015-11-01,solar,39000.0,31934000.0,0.122,,,0.13372727272727272
2015,11,2015-11-01,wind,4722000.0,31934000.0,14.787,,,9.783363636363635
2015,12,2015-12-01,coal,7573000.0,34793000.0,21.766,,,26.644083333333338
2015,12,2015-12-01,hydro,83000.0,34793000.0,0.239,,,0.21708333333333338
2015,12,2015-12-01,natural_gas,18478000.0,34793000.0,53.108,,,52.63558333333333
2015,12,2015-12-01,nuclear,2975000.0,34793000.0,8.551,,,8.758416666666667
2015,12,2015-12-01,other,638000.0,34793000.0,1.834,,,1.445833333333333
2015,12,2015-12-01,solar,62000.0,34793000.0,0.178,,,0.13741666666666666
2015,12,2015-12-01,wind,4984000.0,34793000.0,14.325,,,10.161833333333332
2016,1,2016-01-01,coal,8524000.0,35812000.0,23.802,29.779,-5.977,26.146
2016,1,2016-01-01,hydro,92000.0,35812000.0,0.257,0.343,-0.08600000000000002,0.20991666666666667
2016,1,2016-01-01,natural_gas,18494000.0,35812000.0,51.642,50.445,1.1970000000000027,52.73533333333333
2016,1,2016-01-01,nuclear,3687000.0,35812000.0,10.295,10.002,0.29299999999999926,8.782833333333334
2016,1,2016-01-01,other,500000.0,35812000.0,1.396,1.404,-0.008000000000000007,1.4451666666666665
2016,1,2016-01-01,solar,64000.0,35812000.0,0.179,0.084,0.09499999999999999,0.14533333333333334
2016,1,2016-01-01,wind,4451000.0,35812000.0,12.429,7.942,4.487,10.53575
2016,2,2016-02-01,coal,6203000.0,31654000.0,19.596,27.343,-7.747,25.50041666666667
2016,2,2016-02-01,hydro,89000.0,31654000.0,0.281,0.024,0.257,0.23133333333333336
2016,2,2016-02-01,natural_gas,16120000.0,31654000.0,50.926,50.764,0.16199999999999903,52.74883333333333
2016,2,2016-02-01,nuclear,3555000.0,31654000.0,11.231,10.29,0.9410000000000007,8.86125
2016,2,2016-02-01,other,490000.0,31654000.0,1.548,1.71,-0.16199999999999992,1.4316666666666666
2016,2,2016-02-01,solar,77000.0,31654000.0,0.243,0.099,0.144,0.15733333333333335
2016,2,2016-02-01,wind,5120000.0,31654000.0,16.175,9.77,6.405000000000001,11.0695
2016,3,2016-03-01,coal,4503000.0,32809000.0,13.725,22.405,-8.680000000000001,24.777083333333334
2016,3,2016-03-01,hydro,100000.0,32809000.0,0.305,0.245,0.06,0.23633333333333337
2016,3,2016-03-01,natural_gas,18122000.0,32809000.0,55.235,56.9,-1.6649999999999991,52.610083333333336
2016,3,2016-03-01,nuclear,3772000.0,32809000.0,11.497,11.18,0.31700000000000017,8.887666666666666
2016,3,2016-03-01,other,597000.0,32809000.0,1.82,1.444,0.3760000000000001,1.4629999999999999
2016,3,2016-03-01,solar,80000.0,32809000.0,0.244,0.127,0.11699999999999999,0.16708333333333333
2016,3,2016-03-01,wind,5635000.0,32809000.0,17.175,7.699,9.476,11.859166666666667
2016,4,2016-04-01,coal,6334000.0,32743000.0,19.345,22.569,-3.224,24.508416666666665
2016,4,2016-04-01,hydro,183000.0,32743000.0,0.559,0.431,0.12800000000000006,0.24700000000000003
2016,4,2016-04-01,natural_gas,17251000.0,32743000.0,52.686,54.1,-1.4140000000000015,52.492250000000006
2016,4,2016-04-01,nuclear,3650000.0,32743000.0,11.147,8.426,2.721,9.114416666666667
2016,4,2016-04-01,other,502000.0,32743000.0,1.533,1.528,0.004999999999999893,1.4634166666666666
2016,4,2016-04-01,solar,86000.0,32743000.0,0.263,0.141,0.12200000000000003,0.17725000000000002
2016,4,2016-04-01,wind,4737000.0,32743000.0,14.467,12.806,1.6610000000000014,11.997583333333337
2016,5,2016-05-01,coal,8880000.0,36972000.0,24.018,26.227,-2.2089999999999996,24.32433333333334
2016,5,2016-05-01,hydro,257000.0,36972000.0,0.695,0.362,0.33299999999999996,0.27475
2016,5,2016-05-01,natural_gas,19321000.0,36972000.0,52.258,50.123,2.135000000000005,52.67016666666667
2016,5,2016-05-01,nuclear,2697000.0,36972000.0,7.295,9.54,-2.244999999999999,8.927333333333333
2016,5,2016-05-01,other,559000.0,36972000.0,1.512,1.443,0.06899999999999995,1.4691666666666665
2016,5,2016-05-01,solar,85000.0,36972000.0,0.23,0.131,0.099,0.1855
2016,5,2016-05-01,wind,5173000.0,36972000.0,13.992,12.175,1.8170000000000002,12.149
2016,6,2016-06-01,coal,12959000.0,42872000.0,30.227,30.576,-0.3490000000000002,24.29525
2016,6,2016-06-01,hydro,288000.0,42872000.0,0.672,0.382,0.29000000000000004,0.29891666666666666
2016,6,2016-06-01,natural_gas,21595000.0,42872000.0,50.371,50.834,-0.46300000000000097,52.63158333333334
2016,6,2016-06-01,nuclear,3587000.0,42872000.0,8.367,8.567,-0.1999999999999993,8.910666666666668
2016,6,2016-06-01,other,558000.0,42872000.0,1.302,1.299,0.0030000000000001137,1.4694166666666666
2016,6,2016-06-01,solar,103000.0,42872000.0,0.24,0.151,0.089,0.1929166666666667
2016,6,2016-06-01,wind,3782000.0,42872000.0,8.822,8.19,0.6319999999999997,12.201666666666666
2016,7,2016-07-01,coal,13906000.0,48235000.0,28.83,28.529,0.3009999999999984,24.320333333333327
2016,7,2016-07-01,hydro,57000.0,48235000.0,0.118,0.1,0.017999999999999988,0.30041666666666667
2016,7,2016-07-01,natural_gas,24140000.0,48235000.0,50.047,53.457,-3.4100000000000037,52.34741666666667
2016,7,2016-07-01,nuclear,3710000.0,48235000.0,7.692,7.915,-0.22299999999999986,8.892083333333334
2016,7,2016-07-01,other,636000.0,48235000.0,1.319,1.202,0.11699999999999999,1.4791666666666667
2016,7,2016-07-01,solar,111000.0,48235000.0,0.23,0.149,0.08100000000000002,0.1996666666666667
2016,7,2016-07-01,wind,5675000.0,48235000.0,11.765,8.648,3.117000000000001,12.461416666666665
2016,8,2016-08-01,coal,13408000.0,46563000.0,28.795,28.701,0.0940000000000012,24.328166666666664
2016,8,2016-08-01,hydro,82000.0,46563000.0,0.176,0.094,0.08199999999999999,0.30724999999999997
2016,8,2016-08-01,natural_gas,24861000.0,46563000.0,53.392,55.031,-1.6389999999999958,52.21083333333334
2016,8,2016-08-01,nuclear,3709000.0,46563000.0,7.966,7.91,0.05600000000000005,8.89675
2016,8,2016-08-01,other,703000.0,46563000.0,1.51,1.242,0.268,1.5015
2016,8,2016-08-01,solar,98000.0,46563000.0,0.21,0.156,0.05399999999999999,0.20416666666666664
2016,8,2016-08-01,wind,3702000.0,46563000.0,7.951,6.867,1.0839999999999996,12.55175
2016,9,2016-09-01,coal,12746000.0,42046000.0,30.314,29.331,0.9830000000000005,24.410083333333336
2016,9,2016-09-01,hydro,79000.0,42046000.0,0.188,0.116,0.072,0.31325000000000003
2016,9,2016-09-01,natural_gas,20988000.0,42046000.0,49.917,52.126,-2.208999999999996,52.02675
2016,9,2016-09-01,nuclear,3604000.0,42046000.0,8.572,8.685,-0.11300000000000132,8.887333333333334
2016,9,2016-09-01,other,600000.0,42046000.0,1.427,1.241,0.18599999999999994,1.5170000000000001
2016,9,2016-09-01,solar,114000.0,42046000.0,0.271,0.152,0.11900000000000002,0.21408333333333332
2016,9,2016-09-01,wind,3915000.0,42046000.0,9.311,8.35,0.9610000000000003,12.631833333333333
2016,10,2016-10-01,coal,12029000.0,37670000.0,31.933,27.583,4.350000000000001,24.772583333333333
2016,10,2016-10-01,hydro,26000.0,37670000.0,0.069,0.065,0.0040000000000000036,0.3135833333333334
2016,10,2016-10-01,natural_gas,16538000.0,37670000.0,43.902,53.515,-9.613,51.225666666666676
2016,10,2016-10-01,nuclear,3002000.0,37670000.0,7.969,6.917,1.0520000000000005,8.975
2016,10,2016-10-01,other,511000.0,37670000.0,1.357,1.378,-0.020999999999999908,1.51525
2016,10,2016-10-01,solar,113000.0,37670000.0,0.3,0.159,0.141,0.22583333333333333
2016,10,2016-10-01,wind,5451000.0,37670000.0,14.47,10.383,4.0870000000000015,12.972416666666668
2016,11,2016-11-01,coal,9214000.0,32607000.0,28.258,24.92,3.3379999999999974,25.050749999999997
2016,11,2016-11-01,hydro,60000.0,32607000.0,0.184,0.204,-0.01999999999999999,0.3119166666666667
2016,11,2016-11-01,natural_gas,14809000.0,32607000.0,45.417,51.224,-5.806999999999995,50.741749999999996
2016,11,2016-11-01,nuclear,3304000.0,32607000.0,10.133,7.118,3.014999999999999,9.226249999999999
2016,11,2016-11-01,other,610000.0,32607000.0,1.871,1.625,0.246,1.53575
2016,11,2016-11-01,solar,94000.0,32607000.0,0.288,0.122,0.16599999999999998,0.2396666666666666
2016,11,2016-11-01,wind,4516000.0,32607000.0,13.85,14.787,-0.9370000000000012,12.894333333333334
2016,12,2016-12-01,coal,12527000.0,36132000.0,34.67,21.766,12.904000000000003,26.126083333333337
2016,12,2016-12-01,hydro,29000.0,36132000.0,0.08,0.239,-0.15899999999999997,0.2986666666666667
2016,12,2016-12-01,natural_gas,13738000.0,36132000.0,38.022,53.108,-15.085999999999999,49.484583333333326
2016,12,2016-12-01,nuclear,3802000.0,36132000.0,10.523,8.551,1.9719999999999995,9.390583333333332
2016,12,2016-12-01,other,567000.0,36132000.0,1.569,1.834,-0.2650000000000001,1.5136666666666665
2016,12,2016-12-01,solar,96000.0,36132000.0,0.266,0.178,0.08800000000000002,0.24699999999999997
2016,12,2016-12-01,wind,5373000.0,36132000.0,14.87,14.325,0.5449999999999999,12.939749999999998
2017,1,2017-01-01,coal,11556000.0,35477000.0,32.573,23.802,8.771,26.857
2017,1,2017-01-01,hydro,96000.0,35477000.0,0.271,0.257,0.014000000000000012,0.29983333333333334
2017,1,2017-01-01,natural_gas,13501000.0,35477000.0,38.056,51.642,-13.586000000000006,48.35241666666667
2017,1,2017-01-01,nuclear,3814000.0,35477000.0,10.751,10.295,0.4559999999999995,9.428583333333334
2017,1,2017-01-01,other,522000.0,35477000.0,1.471,1.396,0.07500000000000018,1.5199166666666664
2017,1,2017-01-01,solar,115000.0,35477000.0,0.324,0.179,0.14500000000000002,0.2590833333333333
2017,1,2017-01-01,wind,5873000.0,35477000.0,16.554,12.429,4.124999999999998,13.283499999999998
2017,2,2017-02-01,coal,8360000.0,30249000.0,27.637,19.596,8.041,27.527083333333334
2017,2,2017-02-01,hydro,86000.0,30249000.0,0.284,0.281,0.002999999999999947,0.30008333333333337
2017,2,2017-02-01,natural_gas,11952000.0,30249000.0,39.512,50.926,-11.414000000000001,47.40124999999998
2017,2,2017-02-01,nuclear,3433000.0,30249000.0,11.349,11.231,0.11800000000000033,9.438416666666667
2017,2,2017-02-01,other,449000.0,30249000.0,1.484,1.548,-0.06400000000000006,1.5145833333333332
2017,2,2017-02-01,solar,141000.0,30249000.0,0.466,0.243,0.22300000000000003,0.2776666666666667
2017,2,2017-02-01,wind,5828000.0,30249000.0,19.267,16.175,3.0919999999999987,13.541166666666667
2017,3,2017-03-01,coal,8309000.0,33706000.0,24.651,13.725,10.926,28.437583333333333
2017,3,2017-03-01,hydro,108000.0,33706000.0,0.32,0.305,0.015000000000000013,0.30133333333333334
2017,3,2017-03-01,natural_gas,14143000.0,33706000.0,41.96,55.235,-13.274999999999999,46.294999999999995
2017,3,2017-03-01,nuclear,3288000.0,33706000.0,9.755,11.497,-1.741999999999999,9.29325
2017,3,2017-03-01,other,551000.0,33706000.0,1.635,1.82,-0.18500000000000005,1.4991666666666665
2017,3,2017-03-01,solar,212000.0,33706000.0,0.629,0.244,0.385,0.30975
2017,3,2017-03-01,wind,7095000.0,33706000.0,21.05,17.175,3.875,13.864083333333335
2017,4,2017-04-01,coal,9712000.0,33454000.0,29.031,19.345,9.686,29.24475
2017,4,2017-04-01,hydro,104000.0,33454000.0,0.311,0.559,-0.24800000000000005,0.2806666666666666
2017,4,2017-04-01,natural_gas,14099000.0,33454000.0,42.144,52.686,-10.542000000000002,45.41649999999999
2017,4,2017-04-01,nuclear,1851000.0,33454000.0,5.533,11.147,-5.614,8.825416666666667
2017,4,2017-04-01,other,518000.0,33454000.0,1.548,1.533,0.015000000000000124,1.500416666666667
2017,4,2017-04-01,solar,241000.0,33454000.0,0.72,0.263,0.45699999999999996,0.3478333333333334
2017,4,2017-04-01,wind,6929000.0,33454000.0,20.712,14.467,6.244999999999999,14.384500000000001
2017,5,2017-05-01,coal,11370000.0,38276000.0,29.705,24.018,5.686999999999998,29.718666666666664
2017,5,2017-05-01,hydro,113000.0,38276000.0,0.295,0.695,-0.39999999999999997,0.2473333333333333
2017,5,2017-05-01,natural_gas,16119000.0,38276000.0,42.113,52.258,-10.145000000000003,44.57108333333334
2017,5,2017-05-01,nuclear,3553000.0,38276000.0,9.283,7.295,1.9879999999999995,8.991083333333334
2017,5,2017-05-01,other,525000.0,38276000.0,1.372,1.512,-0.1399999999999999,1.4887500000000002
2017,5,2017-05-01,solar,286000.0,38276000.0,0.747,0.23,0.517,0.39091666666666663
2017,5,2017-05-01,wind,6310000.0,38276000.0,16.486,13.992,2.4939999999999998,14.59233333333333
2017,6,2017-06-01,coal,12738000.0,42246000.0,30.152,30.227,-0.07499999999999929,29.712416666666666
2017,6,2017-06-01,hydro,109000.0,42246000.0,0.258,0.672,-0.41400000000000003,0.21283333333333332
2017,6,2017-06-01,natural_gas,20904000.0,42246000.0,49.482,50.371,-0.8890000000000029,44.49699999999999
2017,6,2017-06-01,nuclear,2826000.0,42246000.0,6.689,8.367,-1.6780000000000008,8.851249999999999
2017,6,2017-06-01,other,552000.0,42246000.0,1.307,1.302,0.004999999999999893,1.4891666666666667
2017,6,2017-06-01,solar,278000.0,42246000.0,0.658,0.24,0.41800000000000004,0.4257500000000001
2017,6,2017-06-01,wind,4839000.0,42246000.0,11.454,8.822,2.6320000000000014,14.811666666666666
2017,7,2017-07-01,coal,13906000.0,48131000.0,28.892,28.83,0.062000000000001165,29.717583333333334
2017,7,2017-07-01,hydro,91000.0,48131000.0,0.189,0.118,0.07100000000000001,0.21875
2017,7,2017-07-01,natural_gas,25949000.0,48131000.0,53.913,50.047,3.8659999999999997,44.81916666666667
2017,7,2017-07-01,nuclear,2821000.0,48131000.0,5.861,7.692,-1.8310000000000004,8.698666666666666
2017,7,2017-07-01,other,561000.0,48131000.0,1.166,1.319,-0.15300000000000002,1.476416666666667
2017,7,2017-07-01,solar,292000.0,48131000.0,0.607,0.23,0.377,0.4571666666666667
2017,7,2017-07-01,wind,4511000.0,48131000.0,9.372,11.765,-2.3930000000000007,14.612249999999998
2017,8,2017-08-01,coal,13408000.0,45669000.0,29.359,28.795,0.5640000000000001,29.76458333333333
2017,8,2017-08-01,hydro,74000.0,45669000.0,0.162,0.176,-0.013999999999999985,0.21758333333333335
2017,8,2017-08-01,natural_gas,24326000.0,45669000.0,53.266,53.392,-0.12600000000000477,44.80866666666666
2017,8,2017-08-01,nuclear,3361000.0,45669000.0,7.359,7.966,-0.6070000000000002,8.648083333333332
2017,8,2017-08-01,other,540000.0,45669000.0,1.182,1.51,-0.32800000000000007,1.449083333333333
2017,8,2017-08-01,solar,266000.0,45669000.0,0.582,0.21,0.372,0.4881666666666667
2017,8,2017-08-01,wind,3694000.0,45669000.0,8.089,7.951,0.1380000000000008,14.623749999999996
2017,9,2017-09-01,coal,12355000.0,39211000.0,31.509,30.314,1.1950000000000003,29.864166666666666
2017,9,2017-09-01,hydro,69000.0,39211000.0,0.176,0.188,-0.01200000000000001,0.21658333333333335
2017,9,2017-09-01,natural_gas,17806000.0,39211000.0,45.411,49.917,-4.506,44.433166666666665
2017,9,2017-09-01,nuclear,3504000.0,39211000.0,8.936,8.572,0.36400000000000077,8.678416666666665
2017,9,2017-09-01,other,497000.0,39211000.0,1.268,1.427,-0.15900000000000003,1.4358333333333333
2017,9,2017-09-01,solar,226000.0,39211000.0,0.576,0.271,0.30499999999999994,0.5135833333333333
2017,9,2017-09-01,wind,4754000.0,39211000.0,12.124,9.311,2.8130000000000006,14.858166666666664
2017,10,2017-10-01,coal,10516000.0,36149000.0,29.091,31.933,-2.8419999999999987,29.627333333333336
2017,10,2017-10-01,hydro,61000.0,36149000.0,0.169,0.069,0.1,0.22491666666666668
2017,10,2017-10-01,natural_gas,15725000.0,36149000.0,43.501,43.902,-0.40100000000000335,44.399750000000004
2017,10,2017-10-01,nuclear,3047000.0,36149000.0,8.429,7.969,0.45999999999999996,8.71675
2017,10,2017-10-01,other,555000.0,36149000.0,1.535,1.357,0.17799999999999994,1.4506666666666668
2017,10,2017-10-01,solar,242000.0,36149000.0,0.669,0.3,0.36900000000000005,0.5443333333333333
2017,10,2017-10-01,wind,6003000.0,36149000.0,16.606,14.47,2.136000000000001,15.036166666666666
2017,11,2017-11-01,coal,10948000.0,33967000.0,32.231,28.258,3.9730000000000025,29.958416666666665
2017,11,2017-11-01,hydro,69000.0,33967000.0,0.203,0.184,0.019000000000000017,0.2265
2017,11,2017-11-01,natural_gas,13064000.0,33967000.0,38.461,45.417,-6.956000000000003,43.820083333333336
2017,11,2017-11-01,nuclear,3293000.0,33967000.0,9.695,10.133,-0.43799999999999883,8.680250000000001
2017,11,2017-11-01,other,512000.0,33967000.0,1.507,1.871,-0.3640000000000001,1.4203333333333337
2017,11,2017-11-01,solar,186000.0,33967000.0,0.548,0.288,0.26000000000000006,0.566
2017,11,2017-11-01,wind,5895000.0,33967000.0,17.355,13.85,3.505000000000001,15.328249999999997
2017,12,2017-12-01,coal,11470000.0,38311000.0,29.939,34.67,-4.731000000000002,29.564166666666665
2017,12,2017-12-01,hydro,81000.0,38311000.0,0.211,0.08,0.131,0.23741666666666664
2017,12,2017-12-01,natural_gas,16923000.0,38311000.0,44.173,38.022,6.151000000000003,44.33266666666666
2017,12,2017-12-01,nuclear,3790000.0,38311000.0,9.893,10.523,-0.629999999999999,8.627749999999999
2017,12,2017-12-01,other,536000.0,38311000.0,1.399,1.569,-0.16999999999999993,1.4061666666666668
2017,12,2017-12-01,solar,181000.0,38311000.0,0.472,0.266,0.20599999999999996,0.5831666666666666
2017,12,2017-12-01,wind,5330000.0,38311000.0,13.912,14.87,-0.9579999999999984,15.248416666666666
2018,1,2018-01-01,coal,10673000.0,40245000.0,26.52,32.573,-6.053000000000001,29.059749999999998
2018,1,2018-01-01,hydro,102000.0,40245000.0,0.253,0.271,-0.018000000000000016,0.23591666666666664
2018,1,2018-01-01,natural_gas,18279000.0,40245000.0,45.419,38.056,7.3629999999999995,44.94625
2018,1,2018-01-01,nuclear,3809000.0,40245000.0,9.465,10.751,-1.2859999999999996,8.520583333333335
2018,1,2018-01-01,other,534000.0,40245000.0,1.327,1.471,-0.14400000000000013,1.394166666666667
2018,1,2018-01-01,solar,246000.0,40245000.0,0.611,0.324,0.287,0.6070833333333333
2018,1,2018-01-01,wind,6602000.0,40245000.0,16.405,16.554,-0.14899999999999736,15.235999999999999
2018,2,2018-02-01,coal,7109000.0,33488000.0,21.228,27.637,-6.408999999999999,28.52566666666667
2018,2,2018-02-01,hydro,101000.0,33488000.0,0.302,0.284,0.018000000000000016,0.23741666666666664
2018,2,2018-02-01,natural_gas,16108000.0,33488000.0,48.101,39.512,8.588999999999999,45.662
2018,2,2018-02-01,nuclear,3432000.0,33488000.0,10.248,11.349,-1.1010000000000009,8.428833333333333
2018,2,2018-02-01,other,460000.0,33488000.0,1.374,1.484,-0.10999999999999988,1.385
2018,2,2018-02-01,solar,237000.0,33488000.0,0.708,0.466,0.24199999999999994,0.6272499999999999
2018,2,2018-02-01,wind,6041000.0,33488000.0,18.039,19.267,-1.227999999999998,15.133666666666665
2018,3,2018-03-01,coal,6262000.0,34226000.0,18.296,24.651,-6.355,27.996083333333335
2018,3,2018-03-01,hydro,102000.0,34226000.0,0.298,0.32,-0.02200000000000002,0.23558333333333334
2018,3,2018-03-01,natural_gas,16318000.0,34226000.0,47.677,41.96,5.716999999999999,46.138416666666664
2018,3,2018-03-01,nuclear,3538000.0,34226000.0,10.337,9.755,0.581999999999999,8.477333333333334
2018,3,2018-03-01,other,486000.0,34226000.0,1.42,1.635,-0.21500000000000008,1.3670833333333334
2018,3,2018-03-01,solar,310000.0,34226000.0,0.906,0.629,0.277,0.6503333333333333
2018,3,2018-03-01,wind,7210000.0,34226000.0,21.066,21.05,0.015999999999998238,15.134999999999998
2018,4,2018-04-01,coal,7129000.0,33618000.0,21.206,29.031,-7.824999999999999,27.344000000000005
2018,4,2018-04-01,hydro,108000.0,33618000.0,0.321,0.311,0.010000000000000009,0.23641666666666672
2018,4,2018-04-01,natural_gas,15321000.0,33618000.0,45.574,42.144,3.4299999999999997,46.42425
2018,4,2018-04-01,nuclear,2791000.0,33618000.0,8.302,5.533,2.7689999999999992,8.708083333333335
2018,4,2018-04-01,other,479000.0,33618000.0,1.425,1.548,-0.123,1.3568333333333333
2018,4,2018-04-01,solar,313000.0,33618000.0,0.931,0.72,0.21100000000000008,0.6679166666666667
2018,4,2018-04-01,wind,7477000.0,33618000.0,22.241,20.712,1.529,15.262416666666667
2018,5,2018-05-01,coal,9028000.0,42637000.0,21.174,29.705,-8.530999999999999,26.63308333333333
2018,5,2018-05-01,hydro,121000.0,42637000.0,0.284,0.295,-0.01100000000000001,0.23550000000000001
2018,5,2018-05-01,natural_gas,21090000.0,42637000.0,49.464,42.113,7.350999999999999,47.036833333333334
2018,5,2018-05-01,nuclear,3757000.0,42637000.0,8.812,9.283,-0.4710000000000001,8.668833333333334
2018,5,2018-05-01,other,607000.0,42637000.0,1.424,1.372,0.051999999999999824,1.3611666666666669
2018,5,2018-05-01,solar,362000.0,42637000.0,0.849,0.747,0.10199999999999998,0.6764166666666666
2018,5,2018-05-01,wind,7672000.0,42637000.0,17.994,16.486,1.5079999999999991,15.388083333333334
2018,6,2018-06-01,coal,10465000.0,45843000.0,22.828,30.152,-7.324000000000002,26.02275
2018,6,2018-06-01,hydro,110000.0,45843000.0,0.24,0.258,-0.018000000000000016,0.23399999999999999
2018,6,2018-06-01,natural_gas,22971000.0,45843000.0,50.108,49.482,0.6259999999999977,47.089
2018,6,2018-06-01,nuclear,3604000.0,45843000.0,7.862,6.689,1.173,8.766583333333333
2018,6,2018-06-01,other,554000.0,45843000.0,1.208,1.307,-0.09899999999999998,1.3529166666666665
2018,6,2018-06-01,solar,450000.0,45843000.0,0.982,0.658,0.32399999999999995,0.7034166666666667
2018,6,2018-06-01,wind,7689000.0,45843000.0,16.772,11.454,5.317999999999998,15.831249999999999
2018,7,2018-07-01,coal,11283000.0,49609000.0,22.744,28.892,-6.148,25.510416666666668
2018,7,2018-07-01,hydro,95000.0,49609000.0,0.191,0.189,0.0020000000000000018,0.23416666666666663
2018,7,2018-07-01,natural_gas,28827000.0,49609000.0,58.108,53.913,4.195,47.438583333333334
2018,7,2018-07-01,nuclear,3705000.0,49609000.0,7.468,5.861,1.6070000000000002,8.900500000000001
2018,7,2018-07-01,other,613000.0,49609000.0,1.236,1.166,0.07000000000000006,1.35875
2018,7,2018-07-01,solar,439000.0,49609000.0,0.885,0.607,0.278,0.7265833333333335
2018,7,2018-07-01,wind,4647000.0,49609000.0,9.367,9.372,-0.004999999999999005,15.830833333333333
2018,8,2018-08-01,coal,11384000.0,48910000.0,23.275,29.359,-6.084000000000003,25.003416666666666
2018,8,2018-08-01,hydro,83000.0,48910000.0,0.17,0.162,0.008000000000000007,0.2348333333333333
2018,8,2018-08-01,natural_gas,26802000.0,48910000.0,54.799,53.266,1.5330000000000013,47.566333333333326
2018,8,2018-08-01,nuclear,3656000.0,48910000.0,7.475,7.359,0.11599999999999966,8.910166666666667
2018,8,2018-08-01,other,592000.0,48910000.0,1.21,1.182,0.028000000000000025,1.3610833333333334
2018,8,2018-08-01,solar,425000.0,48910000.0,0.869,0.582,0.28700000000000003,0.7505000000000001
2018,8,2018-08-01,wind,5968000.0,48910000.0,12.202,8.089,4.1129999999999995,16.173583333333333
2018,9,2018-09-01,coal,10342000.0,41034000.0,25.203,31.509,-6.306000000000001,24.477916666666662
2018,9,2018-09-01,hydro,71000.0,41034000.0,0.173,0.176,-0.0030000000000000027,0.23458333333333328
2018,9,2018-09-01,natural_gas,22081000.0,41034000.0,53.811,45.411,8.399999999999999,48.266333333333336
2018,9,2018-09-01,nuclear,3588000.0,41034000.0,8.744,8.936,-0.19200000000000017,8.894166666666665
2018,9,2018-09-01,other,456000.0,41034000.0,1.111,1.268,-0.15700000000000003,1.348
2018,9,2018-09-01,solar,331000.0,41034000.0,0.807,0.576,0.2310000000000001,0.7697500000000002
2018,9,2018-09-01,wind,4165000.0,41034000.0,10.15,12.124,-1.9740000000000002,16.009083333333333
2018,10,2018-10-01,coal,9517000.0,37403000.0,25.444,29.091,-3.647000000000002,24.174000000000003
2018,10,2018-10-01,hydro,68000.0,37403000.0,0.182,0.169,0.012999999999999984,0.23566666666666666
2018,10,2018-10-01,natural_gas,18559000.0,37403000.0,49.619,43.501,6.118000000000002,48.77616666666666
2018,10,2018-10-01,nuclear,2903000.0,37403000.0,7.761,8.429,-0.6680000000000001,8.8385
2018,10,2018-10-01,other,481000.0,37403000.0,1.286,1.535,-0.2489999999999999,1.32725
2018,10,2018-10-01,solar,276000.0,37403000.0,0.738,0.669,0.06899999999999995,0.7755
2018,10,2018-10-01,wind,5599000.0,37403000.0,14.969,16.606,-1.6370000000000022,15.872666666666667
2018,11,2018-11-01,coal,9255000.0,35576000.0,26.015,32.231,-6.216000000000001,23.656000000000002
2018,11,2018-11-01,hydro,79000.0,35576000.0,0.222,0.203,0.01899999999999999,0.23725
2018,11,2018-11-01,natural_gas,16093000.0,35576000.0,45.236,38.461,6.774999999999999,49.34074999999999
2018,11,2018-11-01,nuclear,3295000.0,35576000.0,9.262,9.695,-0.43299999999999983,8.802416666666666
2018,11,2018-11-01,other,494000.0,35576000.0,1.389,1.507,-0.11799999999999988,1.3174166666666667
2018,11,2018-11-01,solar,286000.0,35576000.0,0.804,0.548,0.256,0.7968333333333333
2018,11,2018-11-01,wind,6074000.0,35576000.0,17.073,17.355,-0.28200000000000003,15.849166666666667
2018,12,2018-12-01,coal,9274000.0,37061000.0,25.024,29.939,-4.914999999999999,23.246416666666665
2018,12,2018-12-01,hydro,85000.0,37061000.0,0.229,0.211,0.018000000000000016,0.23875000000000002
2018,12,2018-12-01,natural_gas,17264000.0,37061000.0,46.583,44.173,2.4099999999999966,49.54158333333333
2018,12,2018-12-01,nuclear,3109000.0,37061000.0,8.389,9.893,-1.5040000000000013,8.677083333333332
2018,12,2018-12-01,other,527000.0,37061000.0,1.422,1.399,0.02299999999999991,1.3193333333333335
2018,12,2018-12-01,solar,246000.0,37061000.0,0.664,0.472,0.19200000000000006,0.8128333333333333
2018,12,2018-12-01,wind,6556000.0,37061000.0,17.69,13.912,3.7780000000000005,16.164
2019,1,2019-01-01,coal,8376000.0,38902000.0,21.531,26.52,-4.989000000000001,22.83066666666667
2019,1,2019-01-01,hydro,137000.0,38902000.0,0.352,0.253,0.09899999999999998,0.247
2019,1,2019-01-01,natural_gas,19381000.0,38902000.0,49.82,45.419,4.401000000000003,49.90833333333333
2019,1,2019-01-01,nuclear,3229000.0,38902000.0,8.3,9.465,-1.1649999999999991,8.579999999999998
2019,1,2019-01-01,other,556000.0,38902000.0,1.429,1.327,0.10200000000000009,1.3278333333333334
2019,1,2019-01-01,solar,298000.0,38902000.0,0.766,0.611,0.15500000000000003,0.8257500000000001
2019,1,2019-01-01,wind,6925000.0,38902000.0,17.801,16.405,1.3959999999999972,16.280333333333335
2019,2,2019-02-01,coal,7447000.0,34127000.0,21.821,21.228,0.593,22.880083333333335
2019,2,2019-02-01,hydro,220000.0,34127000.0,0.645,0.302,0.343,0.27558333333333335
2019,2,2019-02-01,natural_gas,15586000.0,34127000.0,45.671,48.101,-2.4299999999999997,49.70583333333334
2019,2,2019-02-01,nuclear,3430000.0,34127000.0,10.051,10.248,-0.19699999999999918,8.563583333333334
2019,2,2019-02-01,other,508000.0,34127000.0,1.489,1.374,0.11499999999999999,1.3374166666666667
2019,2,2019-02-01,solar,297000.0,34127000.0,0.87,0.708,0.16200000000000003,0.8392499999999999
2019,2,2019-02-01,wind,6639000.0,34127000.0,19.454,18.039,1.4149999999999991,16.39825
2019,3,2019-03-01,coal,7306000.0,35599000.0,20.523,18.296,2.2270000000000003,23.065666666666672
2019,3,2019-03-01,hydro,86000.0,35599000.0,0.242,0.298,-0.055999999999999994,0.27091666666666664
2019,3,2019-03-01,natural_gas,16853000.0,35599000.0,47.341,47.677,-0.3359999999999985,49.677833333333325
2019,3,2019-03-01,nuclear,3721000.0,35599000.0,10.453,10.337,0.11599999999999966,8.57325
2019,3,2019-03-01,other,574000.0,35599000.0,1.612,1.42,0.19200000000000017,1.3534166666666667
2019,3,2019-03-01,solar,365000.0,35599000.0,1.025,0.906,0.11899999999999988,0.8491666666666666
2019,3,2019-03-01,wind,6694000.0,35599000.0,18.804,21.066,-2.2620000000000005,16.20975
2019,4,2019-04-01,coal,6027000.0,33627000.0,17.923,21.206,-3.2830000000000013,22.792083333333334
2019,4,2019-04-01,hydro,161000.0,33627000.0,0.479,0.321,0.15799999999999997,0.28408333333333335
2019,4,2019-04-01,natural_gas,15302000.0,33627000.0,45.505,45.574,-0.06899999999999551,49.672083333333326
2019,4,2019-04-01,nuclear,3251000.0,33627000.0,9.668,8.302,1.3659999999999997,8.687083333333334
2019,4,2019-04-01,other,532000.0,33627000.0,1.582,1.425,0.15700000000000003,1.3665
2019,4,2019-04-01,solar,515000.0,33627000.0,1.532,0.931,0.601,0.89925
2019,4,2019-04-01,wind,7839000.0,33627000.0,23.312,22.241,1.0710000000000015,16.299
2019,5,2019-05-01,coal,7859000.0,40537000.0,19.387,21.174,-1.786999999999999,22.64316666666667
2019,5,2019-05-01,hydro,187000.0,40537000.0,0.461,0.284,0.17700000000000005,0.29883333333333334
2019,5,2019-05-01,natural_gas,20803000.0,40537000.0,51.319,49.464,1.855000000000004,49.82666666666666
2019,5,2019-05-01,nuclear,2933000.0,40537000.0,7.235,8.812,-1.576999999999999,8.555666666666665
2019,5,2019-05-01,other,500000.0,40537000.0,1.233,1.424,-0.19099999999999984,1.3505833333333335
2019,5,2019-05-01,solar,493000.0,40537000.0,1.216,0.849,0.367,0.9298333333333333
2019,5,2019-05-01,wind,7762000.0,40537000.0,19.148,17.994,1.154,16.395166666666668
2019,6,2019-06-01,coal,8396000.0,43722000.0,19.203,22.828,-3.625,22.34108333333333
2019,6,2019-06-01,hydro,114000.0,43722000.0,0.261,0.24,0.02100000000000002,0.30058333333333337
2019,6,2019-06-01,natural_gas,24252000.0,43722000.0,55.469,50.108,5.361000000000004,50.27341666666666
2019,6,2019-06-01,nuclear,3600000.0,43722000.0,8.234,7.862,0.3719999999999999,8.586666666666666
2019,6,2019-06-01,other,495000.0,43722000.0,1.132,1.208,-0.07600000000000007,1.3442500000000004
2019,6,2019-06-01,solar,575000.0,43722000.0,1.315,0.982,0.33299999999999996,0.9575833333333331
2019,6,2019-06-01,wind,6290000.0,43722000.0,14.386,16.772,-2.3859999999999992,16.196333333333335
2019,7,2019-07-01,coal,9137000.0,49013000.0,18.642,22.744,-4.102,21.99925
2019,7,2019-07-01,hydro,180000.0,49013000.0,0.367,0.191,0.176,0.31525
2019,7,2019-07-01,natural_gas,28137000.0,49013000.0,57.407,58.108,-0.7010000000000005,50.215
2019,7,2019-07-01,nuclear,3704000.0,49013000.0,7.557,7.468,0.08900000000000041,8.594083333333334
2019,7,2019-07-01,other,530000.0,49013000.0,1.081,1.236,-0.15500000000000003,1.3313333333333335
2019,7,2019-07-01,solar,594000.0,49013000.0,1.212,0.885,0.32699999999999996,0.9848333333333331
2019,7,2019-07-01,wind,6731000.0,49013000.0,13.733,9.367,4.366,16.560166666666667
2019,8,2019-08-01,coal,8893000.0,51326000.0,17.327,23.275,-5.947999999999997,21.503583333333335
2019,8,2019-08-01,hydro,82000.0,51326000.0,0.16,0.17,-0.010000000000000009,0.3144166666666667
2019,8,2019-08-01,natural_gas,30948000.0,51326000.0,60.297,54.799,5.4979999999999976,50.673166666666674
2019,8,2019-08-01,nuclear,3690000.0,51326000.0,7.189,7.475,-0.2859999999999996,8.570250000000001
2019,8,2019-08-01,other,659000.0,51326000.0,1.284,1.21,0.07400000000000007,1.3375000000000001
2019,8,2019-08-01,solar,565000.0,51326000.0,1.101,0.869,0.23199999999999998,1.0041666666666664
2019,8,2019-08-01,wind,6489000.0,51326000.0,12.643,12.202,0.4410000000000007,16.59691666666667
2019,9,2019-09-01,coal,8309000.0,45914000.0,18.097,25.203,-7.105999999999998,20.911416666666668
2019,9,2019-09-01,hydro,87000.0,45914000.0,0.189,0.173,0.016000000000000014,0.31575000000000003
2019,9,2019-09-01,natural_gas,26426000.0,45914000.0,57.555,53.811,3.7439999999999998,50.98516666666666
2019,9,2019-09-01,nuclear,3581000.0,45914000.0,7.799,8.744,-0.9449999999999994,8.491500000000002
2019,9,2019-09-01,other,508000.0,45914000.0,1.106,1.111,-0.004999999999999893,1.3370833333333334
2019,9,2019-09-01,solar,486000.0,45914000.0,1.059,0.807,0.2519999999999999,1.0251666666666666
2019,9,2019-09-01,wind,6517000.0,45914000.0,14.194,10.15,4.0440000000000005,16.933916666666665
2019,10,2019-10-01,coal,7005000.0,38521000.0,18.185,25.444,-7.259,20.3065
2019,10,2019-10-01,hydro,82000.0,38521000.0,0.213,0.182,0.031,0.31833333333333336
2019,10,2019-10-01,natural_gas,20152000.0,38521000.0,52.314,49.619,2.6950000000000003,51.20974999999999
2019,10,2019-10-01,nuclear,2872000.0,38521000.0,7.456,7.761,-0.3049999999999997,8.466083333333334
2019,10,2019-10-01,other,510000.0,38521000.0,1.324,1.286,0.038000000000000034,1.3402500000000002
2019,10,2019-10-01,solar,445000.0,38521000.0,1.155,0.738,0.41700000000000004,1.0599166666666664
2019,10,2019-10-01,wind,7455000.0,38521000.0,19.353,14.969,4.384000000000002,17.29925
2019,11,2019-11-01,coal,6786000.0,36197000.0,18.747,26.015,-7.268000000000001,19.700833333333335
2019,11,2019-11-01,hydro,76000.0,36197000.0,0.21,0.222,-0.01200000000000001,0.31733333333333336
2019,11,2019-11-01,natural_gas,17967000.0,36197000.0,49.637,45.236,4.401000000000003,51.57649999999999
2019,11,2019-11-01,nuclear,3497000.0,36197000.0,9.661,9.262,0.39899999999999913,8.499333333333334
2019,11,2019-11-01,other,535000.0,36197000.0,1.478,1.389,0.08899999999999997,1.3476666666666668
2019,11,2019-11-01,solar,346000.0,36197000.0,0.956,0.804,0.1519999999999999,1.0725833333333332
2019,11,2019-11-01,wind,6990000.0,36197000.0,19.311,17.073,2.2379999999999995,17.48575
2019,12,2019-12-01,coal,6275000.0,38173000.0,16.438,25.024,-8.586000000000002,18.985333333333333
2019,12,2019-12-01,hydro,62000.0,38173000.0,0.162,0.229,-0.067,0.31175
2019,12,2019-12-01,natural_gas,19820000.0,38173000.0,51.922,46.583,5.338999999999999,52.021416666666674
2019,12,2019-12-01,nuclear,3790000.0,38173000.0,9.928,8.389,1.5390000000000015,8.627583333333334
2019,12,2019-12-01,other,550000.0,38173000.0,1.441,1.422,0.019000000000000128,1.3492499999999998
2019,12,2019-12-01,solar,386000.0,38173000.0,1.011,0.664,0.34699999999999986,1.1014999999999997
2019,12,2019-12-01,wind,7290000.0,38173000.0,19.097,17.69,1.407,17.603
2020,1,2020-01-01,coal,5291000.0,37661000.0,14.049,21.531,-7.481999999999999,18.361833333333333
2020,1,2020-01-01,hydro,57000.0,37661000.0,0.151,0.352,-0.20099999999999998,0.295
2020,1,2020-01-01,natural_gas,19635000.0,37661000.0,52.136,49.82,2.3160000000000025,52.21441666666667
2020,1,2020-01-01,nuclear,3712000.0,37661000.0,9.856,8.3,1.5559999999999992,8.75725
2020,1,2020-01-01,other,543000.0,37661000.0,1.442,1.429,0.0129999999999999,1.3503333333333334
2020,1,2020-01-01,solar,447000.0,37661000.0,1.187,0.766,0.42100000000000004,1.136583333333333
2020,1,2020-01-01,wind,7976000.0,37661000.0,21.178,17.801,3.3770000000000024,17.884416666666667
2020,2,2020-02-01,coal,4823000.0,35953000.0,13.415,21.821,-8.406000000000002,17.66133333333333
2020,2,2020-02-01,hydro,112000.0,35953000.0,0.312,0.645,-0.333,0.26724999999999993
2020,2,2020-02-01,natural_gas,18716000.0,35953000.0,52.057,45.671,6.386000000000003,52.74658333333333
2020,2,2020-02-01,nuclear,3548000.0,35953000.0,9.868,10.051,-0.18299999999999983,8.741999999999999
2020,2,2020-02-01,other,521000.0,35953000.0,1.449,1.489,-0.040000000000000036,1.3470000000000002
2020,2,2020-02-01,solar,519000.0,35953000.0,1.444,0.87,0.574,1.1844166666666665
2020,2,2020-02-01,wind,7714000.0,35953000.0,21.456,19.454,2.001999999999999,18.05125
2020,3,2020-03-01,coal,4999000.0,35370000.0,14.133,20.523,-6.390000000000001,17.128833333333336
2020,3,2020-03-01,hydro,106000.0,35370000.0,0.3,0.242,0.057999999999999996,0.2720833333333333
2020,3,2020-03-01,natural_gas,18314000.0,35370000.0,51.778,47.341,4.436999999999998,53.11633333333333
2020,3,2020-03-01,nuclear,3187000.0,35370000.0,9.01,10.453,-1.4429999999999996,8.62175
2020,3,2020-03-01,other,501000.0,35370000.0,1.416,1.612,-0.19600000000000017,1.3306666666666669
2020,3,2020-03-01,solar,564000.0,35370000.0,1.595,1.025,0.5700000000000001,1.2319166666666665
2020,3,2020-03-01,wind,7699000.0,35370000.0,21.767,18.804,2.963000000000001,18.298166666666667
2020,4,2020-04-01,coal,5532000.0,33860000.0,16.338,17.923,-1.5849999999999973,16.996750000000002
2020,4,2020-04-01,hydro,127000.0,33860000.0,0.375,0.479,-0.10399999999999998,0.26341666666666663
2020,4,2020-04-01,natural_gas,16430000.0,33860000.0,48.523,45.505,3.0180000000000007,53.36783333333333
2020,4,2020-04-01,nuclear,2673000.0,33860000.0,7.894,9.668,-1.7739999999999991,8.473916666666668
2020,4,2020-04-01,other,437000.0,33860000.0,1.291,1.582,-0.29100000000000015,1.3064166666666668
2020,4,2020-04-01,solar,711000.0,33860000.0,2.1,1.532,0.5680000000000001,1.27925
2020,4,2020-04-01,wind,7950000.0,33860000.0,23.479,23.312,0.16699999999999804,18.312083333333334
2020,5,2020-05-01,coal,5877000.0,38772000.0,15.158,19.387,-4.229000000000001,16.644333333333332
2020,5,2020-05-01,hydro,139000.0,38772000.0,0.359,0.461,-0.10200000000000004,0.2549166666666666
2020,5,2020-05-01,natural_gas,19612000.0,38772000.0,50.583,51.319,-0.7360000000000042,53.3065
2020,5,2020-05-01,nuclear,3386000.0,38772000.0,8.733,7.235,1.4980000000000002,8.59875
2020,5,2020-05-01,other,450000.0,38772000.0,1.161,1.233,-0.07200000000000006,1.3004166666666668
2020,5,2020-05-01,solar,994000.0,38772000.0,2.564,1.216,1.348,1.3915833333333334
2020,5,2020-05-01,wind,8314000.0,38772000.0,21.443,19.148,2.2950000000000017,18.503333333333334
2020,6,2020-06-01,coal,6595000.0,43893000.0,15.025,19.203,-4.177999999999999,16.296166666666668
2020,6,2020-06-01,hydro,65000.0,43893000.0,0.148,0.261,-0.11300000000000002,0.24550000000000002
2020,6,2020-06-01,natural_gas,23211000.0,43893000.0,52.881,55.469,-2.588000000000001,53.09083333333333
2020,6,2020-06-01,nuclear,3613000.0,43893000.0,8.231,8.234,-0.0030000000000001137,8.598500000000001
2020,6,2020-06-01,other,478000.0,43893000.0,1.089,1.132,-0.04299999999999993,1.2968333333333333
2020,6,2020-06-01,solar,1072000.0,43893000.0,2.442,1.315,1.1270000000000002,1.4855
2020,6,2020-06-01,wind,8859000.0,43893000.0,20.183,14.386,5.797000000000001,18.986416666666667
2020,7,2020-07-01,coal,8225000.0,49955000.0,16.465,18.642,-2.1769999999999996,16.11475
2020,7,2020-07-01,hydro,89000.0,49955000.0,0.178,0.367,-0.189,0.22975
2020,7,2020-07-01,natural_gas,28837000.0,49955000.0,57.726,57.407,0.3190000000000026,53.11741666666668
2020,7,2020-07-01,nuclear,3716000.0,49955000.0,7.439,7.557,-0.11800000000000033,8.588666666666668
2020,7,2020-07-01,other,482000.0,49955000.0,0.965,1.081,-0.11599999999999999,1.2871666666666666
2020,7,2020-07-01,solar,1330000.0,49955000.0,2.662,1.212,1.45,1.6063333333333334
2020,7,2020-07-01,wind,7276000.0,49955000.0,14.565,13.733,0.831999999999999,19.05575
2020,8,2020-08-01,coal,9067000.0,49589000.0,18.284,17.327,0.9569999999999972,16.194499999999998
2020,8,2020-08-01,hydro,71000.0,49589000.0,0.143,0.16,-0.017000000000000015,0.2283333333333333
2020,8,2020-08-01,natural_gas,28215000.0,49589000.0,56.898,60.297,-3.398999999999994,52.834166666666675
2020,8,2020-08-01,nuclear,3697000.0,49589000.0,7.455,7.189,0.266,8.610833333333334
2020,8,2020-08-01,other,612000.0,49589000.0,1.234,1.284,-0.050000000000000044,1.2830000000000001
2020,8,2020-08-01,solar,1238000.0,49589000.0,2.497,1.101,1.396,1.7226666666666668
2020,8,2020-08-01,wind,6689000.0,49589000.0,13.489,12.643,0.8460000000000001,19.126250000000002
2020,9,2020-09-01,coal,7441000.0,40576000.0,18.338,18.097,0.24099999999999966,16.214583333333334
2020,9,2020-09-01,hydro,96000.0,40576000.0,0.237,0.189,0.04799999999999999,0.2323333333333333
2020,9,2020-09-01,natural_gas,22468000.0,40576000.0,55.373,57.555,-2.182000000000002,52.65233333333334
2020,9,2020-09-01,nuclear,3603000.0,40576000.0,8.88,7.799,1.0810000000000004,8.700916666666666
2020,9,2020-09-01,other,458000.0,40576000.0,1.129,1.106,0.02299999999999991,1.2849166666666667
2020,9,2020-09-01,solar,988000.0,40576000.0,2.435,1.059,1.3760000000000001,1.8373333333333333
2020,9,2020-09-01,wind,5522000.0,40576000.0,13.609,14.194,-0.5850000000000009,19.077500000000004
2020,10,2020-10-01,coal,6664000.0,38623000.0,17.254,18.185,-0.9309999999999974,16.136999999999997
2020,10,2020-10-01,hydro,90000.0,38623000.0,0.233,0.213,0.020000000000000018,0.23399999999999999
2020,10,2020-10-01,natural_gas,19596000.0,38623000.0,50.737,52.314,-1.5769999999999982,52.52091666666667
2020,10,2020-10-01,nuclear,3103000.0,38623000.0,8.034,7.456,0.5780000000000003,8.749083333333333
2020,10,2020-10-01,other,468000.0,38623000.0,1.212,1.324,-0.1120000000000001,1.2755833333333333
2020,10,2020-10-01,solar,864000.0,38623000.0,2.237,1.155,1.082,1.9274999999999995
2020,10,2020-10-01,wind,7838000.0,38623000.0,20.294,19.353,0.940999999999999,19.155916666666666
2020,11,2020-11-01,coal,6539000.0,34269000.0,19.081,18.747,0.33399999999999963,16.16483333333333
2020,11,2020-11-01,hydro,60000.0,34269000.0,0.175,0.21,-0.035,0.2310833333333333
2020,11,2020-11-01,natural_gas,15097000.0,34269000.0,44.054,49.637,-5.582999999999998,52.05566666666667
2020,11,2020-11-01,nuclear,3400000.0,34269000.0,9.922,9.661,0.261000000000001,8.770833333333334
2020,11,2020-11-01,other,479000.0,34269000.0,1.398,1.478,-0.08000000000000007,1.2689166666666665
2020,11,2020-11-01,solar,713000.0,34269000.0,2.081,0.956,1.125,2.0212499999999998
2020,11,2020-11-01,wind,7981000.0,34269000.0,23.289,19.311,3.9780000000000015,19.48741666666667
2020,12,2020-12-01,coal,7774000.0,37979000.0,20.469,16.438,4.031000000000002,16.500749999999996
2020,12,2020-12-01,hydro,67000.0,37979000.0,0.176,0.162,0.013999999999999985,0.23224999999999998
2020,12,2020-12-01,natural_gas,16498000.0,37979000.0,43.44,51.922,-8.482,51.348833333333324
2020,12,2020-12-01,nuclear,3801000.0,37979000.0,10.008,9.928,0.0799999999999983,8.7775
2020,12,2020-12-01,other,506000.0,37979000.0,1.332,1.441,-0.10899999999999999,1.2598333333333334
2020,12,2020-12-01,solar,712000.0,37979000.0,1.875,1.011,0.8640000000000001,2.09325
2020,12,2020-12-01,wind,8621000.0,37979000.0,22.699,19.097,3.6020000000000003,19.787583333333334
2021,1,2021-01-01,coal,7959000.0,38582000.0,20.629,14.049,6.580000000000002,17.049083333333332
2021,1,2021-01-01,hydro,99000.0,38582000.0,0.257,0.151,0.10600000000000001,0.24108333333333334
2021,1,2021-01-01,natural_gas,17408000.0,38582000.0,45.119,52.136,-7.017000000000003,50.76408333333333
2021,1,2021-01-01,nuclear,3799000.0,38582000.0,9.847,9.856,-0.009000000000000341,8.776749999999998
2021,1,2021-01-01,other,467000.0,38582000.0,1.21,1.442,-0.23199999999999998,1.2405
2021,1,2021-01-01,solar,814000.0,38582000.0,2.11,1.187,0.9229999999999998,2.1701666666666664
2021,1,2021-01-01,wind,8036000.0,38582000.0,20.828,21.178,-0.3500000000000014,19.75841666666667
2021,2,2021-02-01,coal,6812000.0,35086000.0,19.415,13.415,6.0,17.54908333333333
2021,2,2021-02-01,hydro,55000.0,35086000.0,0.157,0.312,-0.155,0.22816666666666666
2021,2,2021-02-01,natural_gas,17401000.0,35086000.0,49.595,52.057,-2.4620000000000033,50.55891666666667
2021,2,2021-02-01,nuclear,3314000.0,35086000.0,9.445,9.868,-0.42300000000000004,8.7415
2021,2,2021-02-01,other,330000.0,35086000.0,0.941,1.449,-0.5080000000000001,1.1981666666666668
2021,2,2021-02-01,solar,788000.0,35086000.0,2.246,1.444,0.802,2.2369999999999997
2021,2,2021-02-01,wind,6386000.0,35086000.0,18.201,21.456,-3.254999999999999,19.487166666666667
2021,3,2021-03-01,coal,4912000.0,33934000.0,14.475,14.133,0.3420000000000005,17.577583333333333
2021,3,2021-03-01,hydro,89000.0,33934000.0,0.262,0.3,-0.03799999999999998,0.225
2021,3,2021-03-01,natural_gas,13082000.0,33934000.0,38.551,51.778,-13.226999999999997,49.45666666666667
2021,3,2021-03-01,nuclear,3369000.0,33934000.0,9.928,9.01,0.918000000000001,8.818
2021,3,2021-03-01,other,328000.0,33934000.0,0.967,1.416,-0.44899999999999995,1.1607500000000002
2021,3,2021-03-01,solar,1184000.0,33934000.0,3.489,1.595,1.894,2.394833333333333
2021,3,2021-03-01,wind,10970000.0,33934000.0,32.327,21.767,10.559999999999999,20.367166666666666
2021,4,2021-04-01,coal,5387000.0,35153000.0,15.324,16.338,-1.0140000000000011,17.49308333333333
2021,4,2021-04-01,hydro,83000.0,35153000.0,0.236,0.375,-0.139,0.21341666666666667
2021,4,2021-04-01,natural_gas,15679000.0,35153000.0,44.602,48.523,-3.9210000000000065,49.129916666666674
2021,4,2021-04-01,nuclear,2986000.0,35153000.0,8.494,7.894,0.5999999999999996,8.868
2021,4,2021-04-01,other,361000.0,35153000.0,1.027,1.291,-0.264,1.1387500000000002
2021,4,2021-04-01,solar,1139000.0,35153000.0,3.24,2.1,1.1400000000000001,2.4898333333333333
2021,4,2021-04-01,wind,9518000.0,35153000.0,27.076,23.479,3.5970000000000013,20.666916666666665
2021,5,2021-05-01,coal,6740000.0,39441000.0,17.089,15.158,1.9309999999999992,17.654
2021,5,2021-05-01,hydro,166000.0,39441000.0,0.421,0.359,0.062,0.21858333333333332
2021,5,2021-05-01,natural_gas,17282000.0,39441000.0,43.817,50.583,-6.765999999999998,48.56608333333333
2021,5,2021-05-01,nuclear,3749000.0,39441000.0,9.505,8.733,0.7720000000000002,8.932333333333332
2021,5,2021-05-01,other,402000.0,39441000.0,1.019,1.161,-0.14200000000000013,1.1269166666666666
2021,5,2021-05-01,solar,1545000.0,39441000.0,3.917,2.564,1.3529999999999998,2.6025833333333335
2021,5,2021-05-01,wind,9557000.0,39441000.0,24.231,21.443,2.7880000000000003,20.89925
2021,6,2021-06-01,coal,9386000.0,46296000.0,20.274,15.025,5.2490000000000006,18.091416666666664
2021,6,2021-06-01,hydro,129000.0,46296000.0,0.279,0.148,0.13100000000000003,0.2295
2021,6,2021-06-01,natural_gas,24224000.0,46296000.0,52.324,52.881,-0.5570000000000022,48.51966666666666
2021,6,2021-06-01,nuclear,3099000.0,46296000.0,6.694,8.231,-1.537,8.80425
2021,6,2021-06-01,other,446000.0,46296000.0,0.963,1.089,-0.126,1.1164166666666666
2021,6,2021-06-01,solar,1784000.0,46296000.0,3.853,2.442,1.411,2.720166666666667
2021,6,2021-06-01,wind,7228000.0,46296000.0,15.613,20.183,-4.57,20.518416666666663
2021,7,2021-07-01,coal,9918000.0,48783000.0,20.331,16.465,3.8659999999999997,18.413583333333335
2021,7,2021-07-01,hydro,130000.0,48783000.0,0.266,0.178,0.08800000000000002,0.23683333333333334
2021,7,2021-07-01,natural_gas,26934000.0,48783000.0,55.212,57.726,-2.513999999999996,48.31016666666667
2021,7,2021-07-01,nuclear,3668000.0,48783000.0,7.519,7.439,0.08000000000000007,8.810916666666666
2021,7,2021-07-01,other,568000.0,48783000.0,1.164,0.965,0.19899999999999995,1.1329999999999998
2021,7,2021-07-01,solar,1966000.0,48783000.0,4.03,2.662,1.3680000000000003,2.834166666666667
2021,7,2021-07-01,wind,5599000.0,48783000.0,11.477,14.565,-3.087999999999999,20.261083333333332
2021,8,2021-08-01,coal,9538000.0,50443000.0,18.908,18.284,0.6240000000000023,18.46558333333333
2021,8,2021-08-01,hydro,87000.0,50443000.0,0.172,0.143,0.028999999999999998,0.23925
2021,8,2021-08-01,natural_gas,27239000.0,50443000.0,54.0,56.898,-2.8980000000000032,48.068666666666665
2021,8,2021-08-01,nuclear,3696000.0,50443000.0,7.327,7.455,-0.1280000000000001,8.80025
2021,8,2021-08-01,other,595000.0,50443000.0,1.18,1.234,-0.05400000000000005,1.1284999999999998
2021,8,2021-08-01,solar,1913000.0,50443000.0,3.792,2.497,1.295,2.942083333333334
2021,8,2021-08-01,wind,7375000.0,50443000.0,14.62,13.489,1.1309999999999985,20.355333333333334
2021,9,2021-09-01,coal,8688000.0,44516000.0,19.517,18.338,1.1789999999999985,18.56383333333333
2021,9,2021-09-01,hydro,58000.0,44516000.0,0.13,0.237,-0.10699999999999998,0.23033333333333336
2021,9,2021-09-01,natural_gas,22708000.0,44516000.0,51.011,55.373,-4.361999999999995,47.70516666666666
2021,9,2021-09-01,nuclear,3594000.0,44516000.0,8.074,8.88,-0.8060000000000009,8.733083333333333
2021,9,2021-09-01,other,575000.0,44516000.0,1.292,1.129,0.16300000000000003,1.1420833333333331
2021,9,2021-09-01,solar,1908000.0,44516000.0,4.286,2.435,1.8509999999999995,3.096333333333334
2021,9,2021-09-01,wind,6985000.0,44516000.0,15.691,13.609,2.0820000000000007,20.528833333333335
2021,10,2021-10-01,coal,7059000.0,39704000.0,17.779,17.254,0.5249999999999986,18.607583333333327
2021,10,2021-10-01,hydro,64000.0,39704000.0,0.161,0.233,-0.07200000000000001,0.22433333333333336
2021,10,2021-10-01,natural_gas,19426000.0,39704000.0,48.927,50.737,-1.8100000000000023,47.55433333333334
2021,10,2021-10-01,nuclear,2174000.0,39704000.0,5.476,8.034,-2.5580000000000007,8.519916666666667
2021,10,2021-10-01,other,505000.0,39704000.0,1.272,1.212,0.06000000000000005,1.1470833333333332
2021,10,2021-10-01,solar,1626000.0,39704000.0,4.095,2.237,1.8579999999999997,3.2511666666666668
2021,10,2021-10-01,wind,8850000.0,39704000.0,22.29,20.294,1.9959999999999987,20.695166666666665
2021,11,2021-11-01,coal,6252000.0,35494000.0,17.614,19.081,-1.4669999999999987,18.485333333333333
2021,11,2021-11-01,hydro,58000.0,35494000.0,0.163,0.175,-0.011999999999999983,0.22333333333333336
2021,11,2021-11-01,natural_gas,15574000.0,35494000.0,43.878,44.054,-0.17600000000000193,47.53966666666667
2021,11,2021-11-01,nuclear,2973000.0,35494000.0,8.376,9.922,-1.5460000000000012,8.391083333333333
2021,11,2021-11-01,other,461000.0,35494000.0,1.299,1.398,-0.09899999999999998,1.1388333333333331
2021,11,2021-11-01,solar,1327000.0,35494000.0,3.739,2.081,1.658,3.389333333333333
2021,11,2021-11-01,wind,8849000.0,35494000.0,24.931,23.289,1.6419999999999995,20.832
2021,12,2021-12-01,coal,6167000.0,37972000.0,16.241,20.469,-4.2280000000000015,18.133
2021,12,2021-12-01,hydro,64000.0,37972000.0,0.169,0.176,-0.0069999999999999785,0.22275
2021,12,2021-12-01,natural_gas,16163000.0,37972000.0,42.566,43.44,-0.8739999999999952,47.46683333333334
2021,12,2021-12-01,nuclear,3789000.0,37972000.0,9.978,10.008,-0.02999999999999936,8.388583333333333
2021,12,2021-12-01,other,456000.0,37972000.0,1.201,1.332,-0.131,1.1279166666666667
2021,12,2021-12-01,solar,1212000.0,37972000.0,3.192,1.875,1.3170000000000002,3.499083333333333
2021,12,2021-12-01,wind,10121000.0,37972000.0,26.654,22.699,3.9549999999999983,21.161583333333333
2022,1,2022-01-01,coal,7690000.0,41612000.0,18.48,20.629,-2.149000000000001,17.953916666666665
2022,1,2022-01-01,hydro,30000.0,41612000.0,0.072,0.257,-0.185,0.20733333333333334
2022,1,2022-01-01,natural_gas,19192000.0,41612000.0,46.121,45.119,1.0020000000000024,47.550333333333334
2022,1,2022-01-01,nuclear,3802000.0,41612000.0,9.137,9.847,-0.7099999999999991,8.329416666666667
2022,1,2022-01-01,other,541000.0,41612000.0,1.3,1.21,0.09000000000000008,1.1354166666666667
2022,1,2022-01-01,solar,1491000.0,41612000.0,3.583,2.11,1.4730000000000003,3.621833333333333
2022,1,2022-01-01,wind,8866000.0,41612000.0,21.306,20.828,0.47800000000000153,21.20141666666667
2022,2,2022-02-01,coal,7074000.0,38470000.0,18.388,19.415,-1.0269999999999975,17.868333333333336
2022,2,2022-02-01,hydro,39000.0,38470000.0,0.101,0.157,-0.055999999999999994,0.20266666666666666
2022,2,2022-02-01,natural_gas,16965000.0,38470000.0,44.099,49.595,-5.496000000000002,47.092333333333336
2022,2,2022-02-01,nuclear,3436000.0,38470000.0,8.932,9.445,-0.5129999999999999,8.286666666666667
2022,2,2022-02-01,other,556000.0,38470000.0,1.445,0.941,0.5040000000000001,1.1774166666666666
2022,2,2022-02-01,solar,1591000.0,38470000.0,4.136,2.246,1.8900000000000001,3.779333333333333
2022,2,2022-02-01,wind,8809000.0,38470000.0,22.898,18.201,4.696999999999999,21.592833333333335
2022,3,2022-03-01,coal,5993000.0,36969000.0,16.211,14.475,1.7359999999999989,18.013
2022,3,2022-03-01,hydro,49000.0,36969000.0,0.133,0.262,-0.129,0.19191666666666665
2022,3,2022-03-01,natural_gas,13497000.0,36969000.0,36.509,38.551,-2.0420000000000016,46.92216666666667
2022,3,2022-03-01,nuclear,3777000.0,36969000.0,10.217,9.928,0.2889999999999997,8.31075
2022,3,2022-03-01,other,418000.0,36969000.0,1.131,0.967,0.16400000000000003,1.1910833333333335
2022,3,2022-03-01,solar,1916000.0,36969000.0,5.183,3.489,1.694,3.9205000000000005
2022,3,2022-03-01,wind,11319000.0,36969000.0,30.618,32.327,-1.7089999999999996,21.45041666666667
2022,4,2022-04-01,coal,6048000.0,38315000.0,15.785,15.324,0.4610000000000003,18.051416666666665
2022,4,2022-04-01,hydro,88000.0,38315000.0,0.23,0.236,-0.005999999999999978,0.19141666666666668
2022,4,2022-04-01,natural_gas,14177000.0,38315000.0,37.001,44.602,-7.600999999999999,46.28874999999999
2022,4,2022-04-01,nuclear,3041000.0,38315000.0,7.937,8.494,-0.5569999999999995,8.264333333333333
2022,4,2022-04-01,other,455000.0,38315000.0,1.188,1.027,0.16100000000000003,1.2045000000000001
2022,4,2022-04-01,solar,2012000.0,38315000.0,5.251,3.24,2.011,4.0880833333333335
2022,4,2022-04-01,wind,12494000.0,38315000.0,32.609,27.076,5.533000000000001,21.9115
2022,5,2022-05-01,coal,6394000.0,46682000.0,13.697,17.089,-3.3919999999999995,17.76875
2022,5,2022-05-01,hydro,74000.0,46682000.0,0.159,0.421,-0.262,0.16958333333333334
2022,5,2022-05-01,natural_gas,20998000.0,46682000.0,44.981,43.817,1.1640000000000015,46.38575
2022,5,2022-05-01,nuclear,3236000.0,46682000.0,6.932,9.505,-2.5730000000000004,8.049916666666666
2022,5,2022-05-01,other,590000.0,46682000.0,1.264,1.019,0.2450000000000001,1.2249166666666669
2022,5,2022-05-01,solar,2373000.0,46682000.0,5.083,3.917,1.1660000000000004,4.18525
2022,5,2022-05-01,wind,13017000.0,46682000.0,27.884,24.231,3.6529999999999987,22.21591666666667
2022,6,2022-06-01,coal,8225000.0,51016000.0,16.122,20.274,-4.152000000000001,17.422749999999997
2022,6,2022-06-01,hydro,69000.0,51016000.0,0.135,0.279,-0.14400000000000002,0.15758333333333335
2022,6,2022-06-01,natural_gas,25550000.0,51016000.0,50.082,52.324,-2.2419999999999973,46.19891666666667
2022,6,2022-06-01,nuclear,3592000.0,51016000.0,7.041,6.694,0.3470000000000004,8.078833333333334
2022,6,2022-06-01,other,551000.0,51016000.0,1.08,0.963,0.1170000000000001,1.2346666666666668
2022,6,2022-06-01,solar,2772000.0,51016000.0,5.434,3.853,1.581,4.316999999999999
2022,6,2022-06-01,wind,10257000.0,51016000.0,20.105,15.613,4.492000000000001,22.59025
2022,7,2022-07-01,coal,8846000.0,55812000.0,15.85,20.331,-4.481,17.049333333333333
2022,7,2022-07-01,hydro,44000.0,55812000.0,0.079,0.266,-0.187,0.142
2022,7,2022-07-01,natural_gas,30359000.0,55812000.0,54.395,55.212,-0.8170000000000002,46.13083333333333
2022,7,2022-07-01,nuclear,3688000.0,55812000.0,6.608,7.519,-0.9110000000000005,8.002916666666668
2022,7,2022-07-01,other,560000.0,55812000.0,1.003,1.164,-0.16100000000000003,1.22125
2022,7,2022-07-01,solar,3039000.0,55812000.0,5.445,4.03,1.415,4.434916666666666
2022,7,2022-07-01,wind,9276000.0,55812000.0,16.62,11.477,5.143000000000001,23.018833333333333
2022,8,2022-08-01,coal,8761000.0,52651000.0,16.64,18.908,-2.2680000000000007,16.860333333333333
2022,8,2022-08-01,hydro,39000.0,52651000.0,0.074,0.172,-0.09799999999999999,0.13383333333333333
2022,8,2022-08-01,natural_gas,30385000.0,52651000.0,57.71,54.0,3.710000000000001,46.44
2022,8,2022-08-01,nuclear,3693000.0,52651000.0,7.014,7.327,-0.3129999999999997,7.976833333333334
2022,8,2022-08-01,other,529000.0,52651000.0,1.005,1.18,-0.17500000000000004,1.2066666666666668
2022,8,2022-08-01,solar,2576000.0,52651000.0,4.893,3.792,1.101,4.526666666666666
2022,8,2022-08-01,wind,6668000.0,52651000.0,12.665,14.62,-1.955,22.85591666666667
2022,9,2022-09-01,coal,7380000.0,45662000.0,16.162,19.517,-3.3550000000000004,16.580750000000002
2022,9,2022-09-01,hydro,45000.0,45662000.0,0.099,0.13,-0.031,0.13125
2022,9,2022-09-01,natural_gas,25514000.0,45662000.0,55.876,51.011,4.864999999999995,46.845416666666665
2022,9,2022-09-01,nuclear,3339000.0,45662000.0,7.312,8.074,-0.7619999999999996,7.913333333333333
2022,9,2022-09-01,other,498000.0,45662000.0,1.091,1.292,-0.20100000000000007,1.1899166666666665
2022,9,2022-09-01,solar,2669000.0,45662000.0,5.845,4.286,1.5590000000000002,4.656583333333333
2022,9,2022-09-01,wind,6217000.0,45662000.0,13.615,15.691,-2.0760000000000005,22.682916666666667
2022,10,2022-10-01,coal,6299000.0,40003000.0,15.746,17.779,-2.0329999999999995,16.411333333333335
2022,10,2022-10-01,hydro,33000.0,40003000.0,0.082,0.161,-0.079,0.12466666666666666
2022,10,2022-10-01,natural_gas,19843000.0,40003000.0,49.604,48.927,0.6769999999999996,46.901833333333336
2022,10,2022-10-01,nuclear,2939000.0,40003000.0,7.347,5.476,1.8710000000000004,8.069249999999998
2022,10,2022-10-01,other,484000.0,40003000.0,1.21,1.272,-0.062000000000000055,1.18475
2022,10,2022-10-01,solar,2187000.0,40003000.0,5.467,4.095,1.3719999999999999,4.7709166666666665
2022,10,2022-10-01,wind,8218000.0,40003000.0,20.543,22.29,-1.7469999999999999,22.537333333333333
2022,11,2022-11-01,coal,6000000.0,39953000.0,15.018,17.614,-2.596,16.195
2022,11,2022-11-01,hydro,41000.0,39953000.0,0.103,0.163,-0.06000000000000001,0.11966666666666669
2022,11,2022-11-01,natural_gas,18772000.0,39953000.0,46.985,43.878,3.1069999999999993,47.16075
2022,11,2022-11-01,nuclear,3274000.0,39953000.0,8.195,8.376,-0.18099999999999916,8.054166666666667
2022,11,2022-11-01,other,410000.0,39953000.0,1.026,1.299,-0.2729999999999999,1.162
2022,11,2022-11-01,solar,1458000.0,39953000.0,3.649,3.739,-0.08999999999999986,4.763416666666667
2022,11,2022-11-01,wind,9998000.0,39953000.0,25.024,24.931,0.09299999999999997,22.545083333333334
2022,12,2022-12-01,coal,6626000.0,42880000.0,15.452,16.241,-0.7889999999999997,16.129250000000003
2022,12,2022-12-01,hydro,68000.0,42880000.0,0.159,0.169,-0.010000000000000009,0.11883333333333335
2022,12,2022-12-01,natural_gas,20888000.0,42880000.0,48.713,42.566,6.1469999999999985,47.672999999999995
2022,12,2022-12-01,nuclear,3789000.0,42880000.0,8.836,9.978,-1.1419999999999995,7.959
2022,12,2022-12-01,other,509000.0,42880000.0,1.187,1.201,-0.014000000000000012,1.1608333333333332
2022,12,2022-12-01,solar,1353000.0,42880000.0,3.155,3.192,-0.037000000000000366,4.760333333333334
2022,12,2022-12-01,wind,9647000.0,42880000.0,22.498,26.654,-4.155999999999999,22.19875
2023,1,2023-01-01,coal,5266000.0,41851000.0,12.583,18.48,-5.897,15.637833333333333
2023,1,2023-01-01,hydro,73000.0,41851000.0,0.174,0.072,0.102,0.12733333333333333
2023,1,2023-01-01,natural_gas,18681000.0,41851000.0,44.637,46.121,-1.4840000000000018,47.54933333333332
2023,1,2023-01-01,nuclear,3785000.0,41851000.0,9.044,9.137,-0.09299999999999997,7.951249999999999
2023,1,2023-01-01,other,394000.0,41851000.0,0.941,1.3,-0.3590000000000001,1.1309166666666666
2023,1,2023-01-01,solar,1661000.0,41851000.0,3.969,3.583,0.3859999999999997,4.7924999999999995
2023,1,2023-01-01,wind,11991000.0,41851000.0,28.652,21.306,7.346,22.810916666666667
2023,2,2023-02-01,coal,4220000.0,38486000.0,10.965,18.388,-7.423000000000002,15.01925
2023,2,2023-02-01,hydro,98000.0,38486000.0,0.255,0.101,0.154,0.14016666666666666
2023,2,2023-02-01,natural_gas,17715000.0,38486000.0,46.03,44.099,1.9310000000000045,47.710249999999995
2023,2,2023-02-01,nuclear,3424000.0,38486000.0,8.897,8.932,-0.03500000000000014,7.948333333333333
2023,2,2023-02-01,other,383000.0,38486000.0,0.995,1.445,-0.45000000000000007,1.0934166666666667
2023,2,2023-02-01,solar,1575000.0,38486000.0,4.092,4.136,-0.04400000000000048,4.788833333333334
2023,2,2023-02-01,wind,11071000.0,38486000.0,28.766,22.898,5.8679999999999986,23.29991666666667
2023,3,2023-03-01,coal,4610000.0,40457000.0,11.395,16.211,-4.815999999999999,14.617916666666668
2023,3,2023-03-01,hydro,132000.0,40457000.0,0.326,0.133,0.193,0.15625
2023,3,2023-03-01,natural_gas,17615000.0,40457000.0,43.54,36.509,7.030999999999999,48.296166666666664
2023,3,2023-03-01,nuclear,3290000.0,40457000.0,8.132,10.217,-2.085000000000001,7.774583333333335
2023,3,2023-03-01,other,444000.0,40457000.0,1.097,1.131,-0.03400000000000003,1.0905833333333332
2023,3,2023-03-01,solar,2202000.0,40457000.0,5.443,5.183,0.2599999999999998,4.8105
2023,3,2023-03-01,wind,12164000.0,40457000.0,30.066,30.618,-0.5519999999999996,23.253916666666665
2023,4,2023-04-01,coal,4425000.0,38562000.0,11.475,15.785,-4.3100000000000005,14.258750000000001
2023,4,2023-04-01,hydro,107000.0,38562000.0,0.277,0.23,0.047000000000000014,0.16016666666666668
2023,4,2023-04-01,natural_gas,16989000.0,38562000.0,44.056,37.001,7.055,48.884083333333336
2023,4,2023-04-01,nuclear,2694000.0,38562000.0,6.986,7.937,-0.9510000000000005,7.695333333333334
2023,4,2023-04-01,other,398000.0,38562000.0,1.032,1.188,-0.15599999999999992,1.0775833333333333
2023,4,2023-04-01,solar,2665000.0,38562000.0,6.911,5.251,1.6599999999999993,4.948833333333334
2023,4,2023-04-01,wind,11284000.0,38562000.0,29.262,32.609,-3.3470000000000013,22.974999999999998
2023,5,2023-05-01,coal,5709000.0,45033000.0,12.677,13.697,-1.0199999999999996,14.173749999999998
2023,5,2023-05-01,hydro,87000.0,45033000.0,0.193,0.159,0.034,0.16300000000000003
2023,5,2023-05-01,natural_gas,24228000.0,45033000.0,53.801,44.981,8.82,49.61908333333334
2023,5,2023-05-01,nuclear,2907000.0,45033000.0,6.455,6.932,-0.4770000000000003,7.655583333333335
2023,5,2023-05-01,other,442000.0,45033000.0,0.982,1.264,-0.28200000000000003,1.0540833333333333
2023,5,2023-05-01,solar,3145000.0,45033000.0,6.984,5.083,1.9009999999999998,5.10725
2023,5,2023-05-01,wind,8515000.0,45033000.0,18.908,27.884,-8.975999999999999,22.227
2023,6,2023-06-01,coal,7166000.0,52130000.0,13.746,16.122,-2.3759999999999994,13.97575
2023,6,2023-06-01,hydro,36000.0,52130000.0,0.069,0.135,-0.066,0.1575
2023,6,2023-06-01,natural_gas,28686000.0,52130000.0,55.028,50.082,4.945999999999998,50.03125000000001
2023,6,2023-06-01,nuclear,3419000.0,52130000.0,6.559,7.041,-0.4820000000000002,7.615416666666666
2023,6,2023-06-01,other,469000.0,52130000.0,0.9,1.08,-0.18000000000000005,1.0390833333333334
2023,6,2023-06-01,solar,3370000.0,52130000.0,6.465,5.434,1.0309999999999997,5.1931666666666665
2023,6,2023-06-01,wind,8984000.0,52130000.0,17.234,20.105,-2.8709999999999987,21.987750000000002
2023,7,2023-07-01,coal,8010000.0,57837000.0,13.849,15.85,-2.0009999999999994,13.809
2023,7,2023-07-01,hydro,52000.0,57837000.0,0.09,0.079,0.010999999999999996,0.15841666666666668
2023,7,2023-07-01,natural_gas,31759000.0,57837000.0,54.911,54.395,0.5159999999999982,50.074250000000006
2023,7,2023-07-01,nuclear,3661000.0,57837000.0,6.33,6.608,-0.2779999999999996,7.59225
2023,7,2023-07-01,other,543000.0,57837000.0,0.939,1.003,-0.06399999999999995,1.03375
2023,7,2023-07-01,solar,3823000.0,57837000.0,6.61,5.445,1.165,5.29025
2023,7,2023-07-01,wind,9989000.0,57837000.0,17.271,16.62,0.6509999999999998,22.042
2023,8,2023-08-01,coal,8314000.0,60628000.0,13.713,16.64,-2.9270000000000014,13.565083333333332
2023,8,2023-08-01,hydro,58000.0,60628000.0,0.096,0.074,0.022000000000000006,0.16025000000000003
2023,8,2023-08-01,natural_gas,35462000.0,60628000.0,58.491,57.71,0.7809999999999988,50.13933333333333
2023,8,2023-08-01,nuclear,3660000.0,60628000.0,6.037,7.014,-0.9770000000000003,7.510833333333333
2023,8,2023-08-01,other,556000.0,60628000.0,0.917,1.005,-0.08799999999999986,1.0264166666666668
2023,8,2023-08-01,solar,3743000.0,60628000.0,6.174,4.893,1.2810000000000006,5.397000000000001
2023,8,2023-08-01,wind,8835000.0,60628000.0,14.572,12.665,1.907,22.200916666666668
2023,9,2023-09-01,coal,7286000.0,52174000.0,13.965,16.162,-2.196999999999999,13.381999999999998
2023,9,2023-09-01,hydro,41000.0,52174000.0,0.079,0.099,-0.020000000000000004,0.15858333333333333
2023,9,2023-09-01,natural_gas,29445000.0,52174000.0,56.436,55.876,0.5600000000000023,50.18600000000001
2023,9,2023-09-01,nuclear,3559000.0,52174000.0,6.821,7.312,-0.49100000000000055,7.469916666666666
2023,9,2023-09-01,other,515000.0,52174000.0,0.987,1.091,-0.10399999999999998,1.01775
2023,9,2023-09-01,solar,3190000.0,52174000.0,6.114,5.845,0.26900000000000013,5.419416666666667
2023,9,2023-09-01,wind,8138000.0,52174000.0,15.598,13.615,1.9830000000000005,22.36616666666667
2023,10,2023-10-01,coal,5875000.0,43618000.0,13.469,15.746,-2.277000000000001,13.19225
2023,10,2023-10-01,hydro,30000.0,43618000.0,0.069,0.082,-0.012999999999999998,0.1575
2023,10,2023-10-01,natural_gas,21596000.0,43618000.0,49.512,49.604,-0.09199999999999875,50.17833333333334
2023,10,2023-10-01,nuclear,3236000.0,43618000.0,7.419,7.347,0.07199999999999918,7.4759166666666665
2023,10,2023-10-01,other,399000.0,43618000.0,0.915,1.21,-0.29499999999999993,0.9931666666666666
2023,10,2023-10-01,solar,2728000.0,43618000.0,6.254,5.467,0.7869999999999999,5.485
2023,10,2023-10-01,wind,9754000.0,43618000.0,22.362,20.543,1.818999999999999,22.517750000000003
2023,11,2023-11-01,coal,5522000.0,39630000.0,13.934,15.018,-1.0840000000000014,13.101916666666666
2023,11,2023-11-01,hydro,26000.0,39630000.0,0.066,0.103,-0.03699999999999999,0.15441666666666667
2023,11,2023-11-01,natural_gas,19648000.0,39630000.0,49.579,46.985,2.594000000000001,50.394499999999994
2023,11,2023-11-01,nuclear,3258000.0,39630000.0,8.221,8.195,0.0259999999999998,7.478083333333333
2023,11,2023-11-01,other,387000.0,39630000.0,0.977,1.026,-0.049000000000000044,0.9890833333333333
2023,11,2023-11-01,solar,2009000.0,39630000.0,5.069,3.649,1.42,5.603333333333333
2023,11,2023-11-01,wind,8780000.0,39630000.0,22.155,25.024,-2.8689999999999998,22.278666666666666
2023,12,2023-12-01,coal,5212000.0,42348000.0,12.308,15.452,-3.144,12.839916666666666
2023,12,2023-12-01,hydro,19000.0,42348000.0,0.045,0.159,-0.114,0.14491666666666667
2023,12,2023-12-01,natural_gas,20336000.0,42348000.0,48.021,48.713,-0.6920000000000002,50.336833333333324
2023,12,2023-12-01,nuclear,3787000.0,42348000.0,8.943,8.836,0.10699999999999932,7.486999999999999
2023,12,2023-12-01,other,430000.0,42348000.0,1.015,1.187,-0.17200000000000015,0.9747499999999999
2023,12,2023-12-01,solar,2213000.0,42348000.0,5.226,3.155,2.071,5.775916666666666
2023,12,2023-12-01,wind,10351000.0,42348000.0,24.443,22.498,1.9450000000000003,22.440749999999998
2024,1,2024-01-01,coal,7059000.0,47801000.0,14.767,12.583,2.1839999999999993,13.021916666666664
2024,1,2024-01-01,hydro,37000.0,47801000.0,0.077,0.174,-0.09699999999999999,0.13683333333333333
2024,1,2024-01-01,natural_gas,24939000.0,47801000.0,52.173,44.637,7.536000000000001,50.96483333333333
2024,1,2024-01-01,nuclear,3437000.0,47801000.0,7.19,9.044,-1.854,7.332499999999999
2024,1,2024-01-01,other,510000.0,47801000.0,1.067,0.941,0.126,0.9852500000000001
2024,1,2024-01-01,solar,2329000.0,47801000.0,4.872,3.969,0.903,5.851166666666667
2024,1,2024-01-01,wind,9490000.0,47801000.0,19.853,28.652,-8.799,21.7075
2024,2,2024-02-01,coal,3487000.0,39050000.0,8.93,10.965,-2.035,12.852333333333332
2024,2,2024-02-01,hydro,71000.0,39050000.0,0.182,0.255,-0.07300000000000001,0.13074999999999998
2024,2,2024-02-01,natural_gas,16989000.0,39050000.0,43.506,46.03,-2.524000000000001,50.7545
2024,2,2024-02-01,nuclear,3500000.0,39050000.0,8.963,8.897,0.06599999999999895,7.337999999999998
2024,2,2024-02-01,other,314000.0,39050000.0,0.804,0.995,-0.19099999999999995,0.9693333333333335
2024,2,2024-02-01,solar,2651000.0,39050000.0,6.789,4.092,2.697,6.075916666666667
2024,2,2024-02-01,wind,12038000.0,39050000.0,30.827,28.766,2.0610000000000035,21.879250000000003
2024,3,2024-03-01,coal,3210000.0,41089000.0,7.812,11.395,-3.5829999999999993,12.55375
2024,3,2024-03-01,hydro,73000.0,41089000.0,0.178,0.326,-0.14800000000000002,0.11841666666666667
2024,3,2024-03-01,natural_gas,19675000.0,41089000.0,47.884,43.54,4.344000000000001,51.1165
2024,3,2024-03-01,nuclear,3056000.0,41089000.0,7.438,8.132,-0.694,7.280166666666665
2024,3,2024-03-01,other,364000.0,41089000.0,0.886,1.097,-0.21099999999999997,0.9517500000000001
2024,3,2024-03-01,solar,3267000.0,41089000.0,7.951,5.443,2.508,6.284916666666665
2024,3,2024-03-01,wind,11444000.0,41089000.0,27.852,30.066,-2.2139999999999986,21.69475
2024,4,2024-04-01,coal,3859000.0,41853000.0,9.22,11.475,-2.254999999999999,12.365833333333335
2024,4,2024-04-01,hydro,54000.0,41853000.0,0.129,0.277,-0.14800000000000002,0.10608333333333332
2024,4,2024-04-01,natural_gas,18797000.0,41853000.0,44.912,44.056,0.8560000000000016,51.18783333333334
2024,4,2024-04-01,nuclear,2648000.0,41853000.0,6.327,6.986,-0.6589999999999998,7.225249999999999
2024,4,2024-04-01,other,315000.0,41853000.0,0.753,1.032,-0.279,0.9285
2024,4,2024-04-01,solar,3364000.0,41853000.0,8.038,6.911,1.1270000000000007,6.378833333333333
2024,4,2024-04-01,wind,12816000.0,41853000.0,30.621,29.262,1.3589999999999982,21.808000000000003
2024,5,2024-05-01,coal,4859000.0,48515000.0,10.015,12.677,-2.661999999999999,12.144
2024,5,2024-05-01,hydro,108000.0,48515000.0,0.223,0.193,0.03,0.10858333333333332
2024,5,2024-05-01,natural_gas,25165000.0,48515000.0,51.871,53.801,-1.9299999999999997,51.02700000000001
2024,5,2024-05-01,nuclear,2882000.0,48515000.0,5.94,6.455,-0.5149999999999997,7.182333333333332
2024,5,2024-05-01,other,354000.0,48515000.0,0.73,0.982,-0.252,0.9075000000000001
2024,5,2024-05-01,solar,3870000.0,48515000.0,7.977,6.984,0.9930000000000003,6.4615833333333335
2024,5,2024-05-01,wind,11277000.0,48515000.0,23.244,18.908,4.3359999999999985,22.169333333333338
2024,6,2024-06-01,coal,5475000.0,53717000.0,10.192,13.746,-3.5540000000000003,11.847833333333334
2024,6,2024-06-01,hydro,136000.0,53717000.0,0.253,0.069,0.184,0.12391666666666667
2024,6,2024-06-01,natural_gas,28291000.0,53717000.0,52.667,55.028,-2.360999999999997,50.83025000000001
2024,6,2024-06-01,nuclear,3530000.0,53717000.0,6.571,6.559,0.011999999999999567,7.183333333333333
2024,6,2024-06-01,other,441000.0,53717000.0,0.821,0.9,-0.07900000000000007,0.9009166666666667
2024,6,2024-06-01,solar,4677000.0,53717000.0,8.707,6.465,2.242000000000001,6.648416666666667
2024,6,2024-06-01,wind,11167000.0,53717000.0,20.789,17.234,3.5549999999999997,22.46558333333333
2024,7,2024-07-01,coal,6843000.0,55125000.0,12.414,13.849,-1.4350000000000005,11.728249999999997
2024,7,2024-07-01,hydro,79000.0,55125000.0,0.143,0.09,0.05299999999999999,0.12833333333333335
2024,7,2024-07-01,natural_gas,30493000.0,55125000.0,55.316,54.911,0.40500000000000114,50.864
2024,7,2024-07-01,nuclear,3408000.0,55125000.0,6.182,6.33,-0.1479999999999997,7.171
2024,7,2024-07-01,other,377000.0,55125000.0,0.684,0.939,-0.2549999999999999,0.8796666666666666
2024,7,2024-07-01,solar,4800000.0,55125000.0,8.707,6.61,2.0970000000000004,6.823166666666668
2024,7,2024-07-01,wind,9125000.0,55125000.0,16.553,17.271,-0.718,22.40575
2024,8,2024-08-01,coal,7370000.0,59839000.0,12.316,13.713,-1.3969999999999985,11.611833333333331
2024,8,2024-08-01,hydro,71000.0,59839000.0,0.119,0.096,0.022999999999999993,0.13025
2024,8,2024-08-01,natural_gas,34654000.0,59839000.0,57.912,58.491,-0.5790000000000006,50.81575
2024,8,2024-08-01,nuclear,3610000.0,59839000.0,6.033,6.037,-0.0039999999999995595,7.1706666666666665
2024,8,2024-08-01,other,430000.0,59839000.0,0.719,0.917,-0.19800000000000006,0.8631666666666665
2024,8,2024-08-01,solar,5240000.0,59839000.0,8.757,6.174,2.5829999999999993,7.038416666666667
2024,8,2024-08-01,wind,8464000.0,59839000.0,14.145,14.572,-0.4269999999999996,22.370166666666666
2024,9,2024-09-01,coal,6677000.0,50573000.0,13.203,13.965,-0.7620000000000005,11.548333333333332
2024,9,2024-09-01,hydro,34000.0,50573000.0,0.067,0.079,-0.011999999999999997,0.12925
2024,9,2024-09-01,natural_gas,28544000.0,50573000.0,56.441,56.436,0.005000000000002558,50.816166666666675
2024,9,2024-09-01,nuclear,3564000.0,50573000.0,7.047,6.821,0.22599999999999998,7.1895
2024,9,2024-09-01,other,366000.0,50573000.0,0.724,0.987,-0.263,0.8412499999999999
2024,9,2024-09-01,solar,4524000.0,50573000.0,8.945,6.114,2.8310000000000004,7.274333333333334
2024,9,2024-09-01,wind,6864000.0,50573000.0,13.572,15.598,-2.0260000000000016,22.201333333333334
2024,10,2024-10-01,coal,5663000.0,48348000.0,11.713,13.469,-1.7560000000000002,11.402000000000001
2024,10,2024-10-01,hydro,32000.0,48348000.0,0.066,0.069,-0.0030000000000000027,0.129
2024,10,2024-10-01,natural_gas,24744000.0,48348000.0,51.179,49.512,1.6670000000000016,50.95508333333333
2024,10,2024-10-01,nuclear,2514000.0,48348000.0,5.2,7.419,-2.2189999999999994,7.004583333333333
2024,10,2024-10-01,other,386000.0,48348000.0,0.798,0.915,-0.11699999999999999,0.8315000000000001
2024,10,2024-10-01,solar,4559000.0,48348000.0,9.43,6.254,3.176,7.5390000000000015
2024,10,2024-10-01,wind,10450000.0,48348000.0,21.614,22.362,-0.7479999999999976,22.139
2024,11,2024-11-01,coal,5106000.0,42211000.0,12.096,13.934,-1.8379999999999992,11.248833333333332
2024,11,2024-11-01,hydro,39000.0,42211000.0,0.092,0.066,0.025999999999999995,0.13116666666666668
2024,11,2024-11-01,natural_gas,19830000.0,42211000.0,46.978,49.579,-2.600999999999999,50.73833333333332
2024,11,2024-11-01,nuclear,2680000.0,42211000.0,6.349,8.221,-1.8719999999999999,6.848583333333334
2024,11,2024-11-01,other,348000.0,42211000.0,0.824,0.977,-0.15300000000000002,0.8187500000000001
2024,11,2024-11-01,solar,3315000.0,42211000.0,7.853,5.069,2.784,7.771000000000002
2024,11,2024-11-01,wind,10893000.0,42211000.0,25.806,22.155,3.651,22.443250000000003
2024,12,2024-12-01,coal,5938000.0,44415000.0,13.369,12.308,1.061,11.33725
2024,12,2024-12-01,hydro,40000.0,44415000.0,0.09,0.045,0.045,0.13491666666666668
2024,12,2024-12-01,natural_gas,21072000.0,44415000.0,47.443,48.021,-0.578000000000003,50.69016666666666
2024,12,2024-12-01,nuclear,3785000.0,44415000.0,8.522,8.943,-0.4209999999999994,6.8135
2024,12,2024-12-01,other,411000.0,44415000.0,0.925,1.015,-0.08999999999999986,0.8112500000000001
2024,12,2024-12-01,solar,2920000.0,44415000.0,6.574,5.226,1.3479999999999999,7.883333333333333
2024,12,2024-12-01,wind,10249000.0,44415000.0,23.076,24.443,-1.3670000000000009,22.329333333333334
