date,year,month,fuel_type,generation_mwh,pct_of_total_monthly
2015-01-01,2015,1,coal,11365000.0,29.7794
2015-01-01,2015,1,natural_gas,19252000.0,50.4454
2015-01-01,2015,1,nuclear,3817000.0,10.0016
2015-01-01,2015,1,hydro,131000.0,0.3433
2015-01-01,2015,1,wind,3031000.0,7.942
2015-01-01,2015,1,solar,32000.0,0.0838
2015-01-01,2015,1,other,536000.0,1.4045
2015-02-01,2015,2,coal,9146000.0,27.3431
2015-02-01,2015,2,natural_gas,16980000.0,50.7638
2015-02-01,2015,2,nuclear,3442000.0,10.2903
2015-02-01,2015,2,hydro,8000.0,0.0239
2015-02-01,2015,2,wind,3268000.0,9.7701
2015-02-01,2015,2,solar,33000.0,0.0987
2015-02-01,2015,2,other,572000.0,1.7101
2015-03-01,2015,3,coal,7403000.0,22.4048
2015-03-01,2015,3,natural_gas,18801000.0,56.9003
2015-03-01,2015,3,nuclear,3694000.0,11.1797
2015-03-01,2015,3,hydro,81000.0,0.2451
2015-03-01,2015,3,wind,2544000.0,7.6993
2015-03-01,2015,3,solar,42000.0,0.1271
2015-03-01,2015,3,other,477000.0,1.4436
2015-04-01,2015,4,coal,7224000.0,22.5687
2015-04-01,2015,4,natural_gas,17317000.0,54.1004
2015-04-01,2015,4,nuclear,2697000.0,8.4258
2015-04-01,2015,4,hydro,138000.0,0.4311
2015-04-01,2015,4,wind,4099000.0,12.8058
2015-04-01,2015,4,solar,45000.0,0.1406
2015-04-01,2015,4,other,489000.0,1.5277
2015-05-01,2015,5,coal,9416000.0,26.227
2015-05-01,2015,5,natural_gas,17995000.0,50.1226
2015-05-01,2015,5,nuclear,3425000.0,9.5399
2015-05-01,2015,5,hydro,130000.0,0.3621
2015-05-01,2015,5,wind,4371000.0,12.1748
2015-05-01,2015,5,solar,47000.0,0.1309
2015-05-01,2015,5,other,518000.0,1.4428
2015-06-01,2015,6,coal,12734000.0,30.576
2015-06-01,2015,6,natural_gas,21171000.0,50.8344
2015-06-01,2015,6,nuclear,3568000.0,8.5672
2015-06-01,2015,6,hydro,159000.0,0.3818
2015-06-01,2015,6,wind,3411000.0,8.1903
2015-06-01,2015,6,solar,63000.0,0.1513
2015-06-01,2015,6,other,541000.0,1.299
2015-07-01,2015,7,coal,13390000.0,28.5288
2015-07-01,2015,7,natural_gas,25090000.0,53.4569
2015-07-01,2015,7,nuclear,3715000.0,7.9152
2015-07-01,2015,7,hydro,47000.0,0.1001
2015-07-01,2015,7,wind,4059000.0,8.6481
2015-07-01,2015,7,solar,70000.0,0.1491
2015-07-01,2015,7,other,564000.0,1.2017
2015-08-01,2015,8,coal,13450000.0,28.7007
2015-08-01,2015,8,natural_gas,25789000.0,55.0306
2015-08-01,2015,8,nuclear,3707000.0,7.9103
2015-08-01,2015,8,hydro,44000.0,0.0939
2015-08-01,2015,8,wind,3218000.0,6.8668
2015-08-01,2015,8,solar,73000.0,0.1558
2015-08-01,2015,8,other,582000.0,1.2419
2015-09-01,2015,9,coal,12171000.0,29.3305
2015-09-01,2015,9,natural_gas,21630000.0,52.1255
2015-09-01,2015,9,nuclear,3604000.0,8.6852
2015-09-01,2015,9,hydro,48000.0,0.1157
2015-09-01,2015,9,wind,3465000.0,8.3502
2015-09-01,2015,9,solar,63000.0,0.1518
2015-09-01,2015,9,other,515000.0,1.2411
2015-10-01,2015,10,coal,9726000.0,27.5829
2015-10-01,2015,10,natural_gas,18870000.0,53.5152
2015-10-01,2015,10,nuclear,2439000.0,6.917
2015-10-01,2015,10,hydro,23000.0,0.0652
2015-10-01,2015,10,wind,3661000.0,10.3826
2015-10-01,2015,10,solar,56000.0,0.1588
2015-10-01,2015,10,other,486000.0,1.3783
2015-11-01,2015,11,coal,7958000.0,24.9201
2015-11-01,2015,11,natural_gas,16358000.0,51.2244
2015-11-01,2015,11,nuclear,2273000.0,7.1178
2015-11-01,2015,11,hydro,65000.0,0.2035
2015-11-01,2015,11,wind,4722000.0,14.7867
2015-11-01,2015,11,solar,39000.0,0.1221
2015-11-01,2015,11,other,519000.0,1.6252
2015-12-01,2015,12,coal,7573000.0,21.7659
2015-12-01,2015,12,natural_gas,18478000.0,53.1084
2015-12-01,2015,12,nuclear,2975000.0,8.5506
2015-12-01,2015,12,hydro,83000.0,0.2386
2015-12-01,2015,12,wind,4984000.0,14.3247
2015-12-01,2015,12,solar,62000.0,0.1782
2015-12-01,2015,12,other,638000.0,1.8337
2016-01-01,2016,1,coal,8524000.0,23.8021
2016-01-01,2016,1,natural_gas,18494000.0,51.6419
2016-01-01,2016,1,nuclear,3687000.0,10.2954
2016-01-01,2016,1,hydro,92000.0,0.2569
2016-01-01,2016,1,wind,4451000.0,12.4288
2016-01-01,2016,1,solar,64000.0,0.1787
2016-01-01,2016,1,other,500000.0,1.3962
2016-02-01,2016,2,coal,6203000.0,19.5963
2016-02-01,2016,2,natural_gas,16120000.0,50.9256
2016-02-01,2016,2,nuclear,3555000.0,11.2308
2016-02-01,2016,2,hydro,89000.0,0.2812
2016-02-01,2016,2,wind,5120000.0,16.1749
2016-02-01,2016,2,solar,77000.0,0.2433
2016-02-01,2016,2,other,490000.0,1.548
2016-03-01,2016,3,coal,4503000.0,13.7249
2016-03-01,2016,3,natural_gas,18122000.0,55.2348
2016-03-01,2016,3,nuclear,3772000.0,11.4968
2016-03-01,2016,3,hydro,100000.0,0.3048
2016-03-01,2016,3,wind,5635000.0,17.1752
2016-03-01,2016,3,solar,80000.0,0.2438
2016-03-01,2016,3,other,597000.0,1.8196
2016-04-01,2016,4,coal,6334000.0,19.3446
2016-04-01,2016,4,natural_gas,17251000.0,52.6861
2016-04-01,2016,4,nuclear,3650000.0,11.1474
2016-04-01,2016,4,hydro,183000.0,0.5589
2016-04-01,2016,4,wind,4737000.0,14.4672
2016-04-01,2016,4,solar,86000.0,0.2627
2016-04-01,2016,4,other,502000.0,1.5332
2016-05-01,2016,5,coal,8880000.0,24.0182
2016-05-01,2016,5,natural_gas,19321000.0,52.2585
2016-05-01,2016,5,nuclear,2697000.0,7.2947
2016-05-01,2016,5,hydro,257000.0,0.6951
2016-05-01,2016,5,wind,5173000.0,13.9917
2016-05-01,2016,5,solar,85000.0,0.2299
2016-05-01,2016,5,other,559000.0,1.512
2016-06-01,2016,6,coal,12959000.0,30.2272
2016-06-01,2016,6,natural_gas,21595000.0,50.3709
2016-06-01,2016,6,nuclear,3587000.0,8.3668
2016-06-01,2016,6,hydro,288000.0,0.6718
2016-06-01,2016,6,wind,3782000.0,8.8216
2016-06-01,2016,6,solar,103000.0,0.2403
2016-06-01,2016,6,other,558000.0,1.3015
2016-07-01,2016,7,coal,13906000.0,28.8297
2016-07-01,2016,7,natural_gas,24140000.0,50.0466
2016-07-01,2016,7,nuclear,3710000.0,7.6915
2016-07-01,2016,7,hydro,57000.0,0.1182
2016-07-01,2016,7,wind,5675000.0,11.7653
2016-07-01,2016,7,solar,111000.0,0.2301
2016-07-01,2016,7,other,636000.0,1.3185
2016-08-01,2016,8,coal,13408000.0,28.7954
2016-08-01,2016,8,natural_gas,24861000.0,53.3922
2016-08-01,2016,8,nuclear,3709000.0,7.9656
2016-08-01,2016,8,hydro,82000.0,0.1761
2016-08-01,2016,8,wind,3702000.0,7.9505
2016-08-01,2016,8,solar,98000.0,0.2105
2016-08-01,2016,8,other,703000.0,1.5098
2016-09-01,2016,9,coal,12746000.0,30.3144
2016-09-01,2016,9,natural_gas,20988000.0,49.9168
2016-09-01,2016,9,nuclear,3604000.0,8.5716
2016-09-01,2016,9,hydro,79000.0,0.1879
2016-09-01,2016,9,wind,3915000.0,9.3112
2016-09-01,2016,9,solar,114000.0,0.2711
2016-09-01,2016,9,other,600000.0,1.427
2016-10-01,2016,10,coal,12029000.0,31.9326
2016-10-01,2016,10,natural_gas,16538000.0,43.9023
2016-10-01,2016,10,nuclear,3002000.0,7.9692
2016-10-01,2016,10,hydro,26000.0,0.069
2016-10-01,2016,10,wind,5451000.0,14.4704
2016-10-01,2016,10,solar,113000.0,0.3
2016-10-01,2016,10,other,511000.0,1.3565
2016-11-01,2016,11,coal,9214000.0,28.2577
2016-11-01,2016,11,natural_gas,14809000.0,45.4166
2016-11-01,2016,11,nuclear,3304000.0,10.1328
2016-11-01,2016,11,hydro,60000.0,0.184
2016-11-01,2016,11,wind,4516000.0,13.8498
2016-11-01,2016,11,solar,94000.0,0.2883
2016-11-01,2016,11,other,610000.0,1.8708
2016-12-01,2016,12,coal,12527000.0,34.6701
2016-12-01,2016,12,natural_gas,13738000.0,38.0217
2016-12-01,2016,12,nuclear,3802000.0,10.5225
2016-12-01,2016,12,hydro,29000.0,0.0803
2016-12-01,2016,12,wind,5373000.0,14.8705
2016-12-01,2016,12,solar,96000.0,0.2657
2016-12-01,2016,12,other,567000.0,1.5692
2017-01-01,2017,1,coal,11556000.0,32.5732
2017-01-01,2017,1,natural_gas,13501000.0,38.0556
2017-01-01,2017,1,nuclear,3814000.0,10.7506
2017-01-01,2017,1,hydro,96000.0,0.2706
2017-01-01,2017,1,wind,5873000.0,16.5544
2017-01-01,2017,1,solar,115000.0,0.3242
2017-01-01,2017,1,other,522000.0,1.4714
2017-02-01,2017,2,coal,8360000.0,27.6373
2017-02-01,2017,2,natural_gas,11952000.0,39.512
2017-02-01,2017,2,nuclear,3433000.0,11.3491
2017-02-01,2017,2,hydro,86000.0,0.2843
2017-02-01,2017,2,wind,5828000.0,19.2668
2017-02-01,2017,2,solar,141000.0,0.4661
2017-02-01,2017,2,other,449000.0,1.4843
2017-03-01,2017,3,coal,8309000.0,24.6514
2017-03-01,2017,3,natural_gas,14143000.0,41.9599
2017-03-01,2017,3,nuclear,3288000.0,9.7549
2017-03-01,2017,3,hydro,108000.0,0.3204
2017-03-01,2017,3,wind,7095000.0,21.0497
2017-03-01,2017,3,solar,212000.0,0.629
2017-03-01,2017,3,other,551000.0,1.6347
2017-04-01,2017,4,coal,9712000.0,29.0309
2017-04-01,2017,4,natural_gas,14099000.0,42.1444
2017-04-01,2017,4,nuclear,1851000.0,5.533
2017-04-01,2017,4,hydro,104000.0,0.3109
2017-04-01,2017,4,wind,6929000.0,20.712
2017-04-01,2017,4,solar,241000.0,0.7204
2017-04-01,2017,4,other,518000.0,1.5484
2017-05-01,2017,5,coal,11370000.0,29.7053
2017-05-01,2017,5,natural_gas,16119000.0,42.1126
2017-05-01,2017,5,nuclear,3553000.0,9.2826
2017-05-01,2017,5,hydro,113000.0,0.2952
2017-05-01,2017,5,wind,6310000.0,16.4855
2017-05-01,2017,5,solar,286000.0,0.7472
2017-05-01,2017,5,other,525000.0,1.3716
2017-06-01,2017,6,coal,12738000.0,30.152
2017-06-01,2017,6,natural_gas,20904000.0,49.4816
2017-06-01,2017,6,nuclear,2826000.0,6.6894
2017-06-01,2017,6,hydro,109000.0,0.258
2017-06-01,2017,6,wind,4839000.0,11.4543
2017-06-01,2017,6,solar,278000.0,0.6581
2017-06-01,2017,6,other,552000.0,1.3066
2017-07-01,2017,7,coal,13906000.0,28.892
2017-07-01,2017,7,natural_gas,25949000.0,53.9133
2017-07-01,2017,7,nuclear,2821000.0,5.8611
2017-07-01,2017,7,hydro,91000.0,0.1891
2017-07-01,2017,7,wind,4511000.0,9.3723
2017-07-01,2017,7,solar,292000.0,0.6067
2017-07-01,2017,7,other,561000.0,1.1656
2017-08-01,2017,8,coal,13408000.0,29.3591
2017-08-01,2017,8,natural_gas,24326000.0,53.2659
2017-08-01,2017,8,nuclear,3361000.0,7.3595
2017-08-01,2017,8,hydro,74000.0,0.162
2017-08-01,2017,8,wind,3694000.0,8.0886
2017-08-01,2017,8,solar,266000.0,0.5825
2017-08-01,2017,8,other,540000.0,1.1824
2017-09-01,2017,9,coal,12355000.0,31.509
2017-09-01,2017,9,natural_gas,17806000.0,45.4107
2017-09-01,2017,9,nuclear,3504000.0,8.9363
2017-09-01,2017,9,hydro,69000.0,0.176
2017-09-01,2017,9,wind,4754000.0,12.1241
2017-09-01,2017,9,solar,226000.0,0.5764
2017-09-01,2017,9,other,497000.0,1.2675
2017-10-01,2017,10,coal,10516000.0,29.0907
2017-10-01,2017,10,natural_gas,15725000.0,43.5005
2017-10-01,2017,10,nuclear,3047000.0,8.429
2017-10-01,2017,10,hydro,61000.0,0.1687
2017-10-01,2017,10,wind,6003000.0,16.6063
2017-10-01,2017,10,solar,242000.0,0.6695
2017-10-01,2017,10,other,555000.0,1.5353
2017-11-01,2017,11,coal,10948000.0,32.2313
2017-11-01,2017,11,natural_gas,13064000.0,38.4609
2017-11-01,2017,11,nuclear,3293000.0,9.6947
2017-11-01,2017,11,hydro,69000.0,0.2031
2017-11-01,2017,11,wind,5895000.0,17.3551
2017-11-01,2017,11,solar,186000.0,0.5476
2017-11-01,2017,11,other,512000.0,1.5073
2017-12-01,2017,12,coal,11470000.0,29.9392
2017-12-01,2017,12,natural_gas,16923000.0,44.1727
2017-12-01,2017,12,nuclear,3790000.0,9.8927
2017-12-01,2017,12,hydro,81000.0,0.2114
2017-12-01,2017,12,wind,5330000.0,13.9125
2017-12-01,2017,12,solar,181000.0,0.4724
2017-12-01,2017,12,other,536000.0,1.3991
2018-01-01,2018,1,coal,10673000.0,26.5201
2018-01-01,2018,1,natural_gas,18279000.0,45.4193
2018-01-01,2018,1,nuclear,3809000.0,9.4645
2018-01-01,2018,1,hydro,102000.0,0.2534
2018-01-01,2018,1,wind,6602000.0,16.4045
2018-01-01,2018,1,solar,246000.0,0.6113
2018-01-01,2018,1,other,534000.0,1.3269
2018-02-01,2018,2,coal,7109000.0,21.2285
2018-02-01,2018,2,natural_gas,16108000.0,48.1008
2018-02-01,2018,2,nuclear,3432000.0,10.2484
2018-02-01,2018,2,hydro,101000.0,0.3016
2018-02-01,2018,2,wind,6041000.0,18.0393
2018-02-01,2018,2,solar,237000.0,0.7077
2018-02-01,2018,2,other,460000.0,1.3736
2018-03-01,2018,3,coal,6262000.0,18.296
2018-03-01,2018,3,natural_gas,16318000.0,47.6772
2018-03-01,2018,3,nuclear,3538000.0,10.3372
2018-03-01,2018,3,hydro,102000.0,0.298
2018-03-01,2018,3,wind,7210000.0,21.0659
2018-03-01,2018,3,solar,310000.0,0.9057
2018-03-01,2018,3,other,486000.0,1.42
2018-04-01,2018,4,coal,7129000.0,21.2059
2018-04-01,2018,4,natural_gas,15321000.0,45.5738
2018-04-01,2018,4,nuclear,2791000.0,8.3021
2018-04-01,2018,4,hydro,108000.0,0.3213
2018-04-01,2018,4,wind,7477000.0,22.2411
2018-04-01,2018,4,solar,313000.0,0.931
2018-04-01,2018,4,other,479000.0,1.4248
2018-05-01,2018,5,coal,9028000.0,21.1741
2018-05-01,2018,5,natural_gas,21090000.0,49.4641
2018-05-01,2018,5,nuclear,3757000.0,8.8116
2018-05-01,2018,5,hydro,121000.0,0.2838
2018-05-01,2018,5,wind,7672000.0,17.9938
2018-05-01,2018,5,solar,362000.0,0.849
2018-05-01,2018,5,other,607000.0,1.4236
2018-06-01,2018,6,coal,10465000.0,22.8279
2018-06-01,2018,6,natural_gas,22971000.0,50.108
2018-06-01,2018,6,nuclear,3604000.0,7.8616
2018-06-01,2018,6,hydro,110000.0,0.2399
2018-06-01,2018,6,wind,7689000.0,16.7725
2018-06-01,2018,6,solar,450000.0,0.9816
2018-06-01,2018,6,other,554000.0,1.2085
2018-07-01,2018,7,coal,11283000.0,22.7439
2018-07-01,2018,7,natural_gas,28827000.0,58.1084
2018-07-01,2018,7,nuclear,3705000.0,7.4684
2018-07-01,2018,7,hydro,95000.0,0.1915
2018-07-01,2018,7,wind,4647000.0,9.3673
2018-07-01,2018,7,solar,439000.0,0.8849
2018-07-01,2018,7,other,613000.0,1.2357
2018-08-01,2018,8,coal,11384000.0,23.2754
2018-08-01,2018,8,natural_gas,26802000.0,54.7986
2018-08-01,2018,8,nuclear,3656000.0,7.475
2018-08-01,2018,8,hydro,83000.0,0.1697
2018-08-01,2018,8,wind,5968000.0,12.202
2018-08-01,2018,8,solar,425000.0,0.8689
2018-08-01,2018,8,other,592000.0,1.2104
2018-09-01,2018,9,coal,10342000.0,25.2035
2018-09-01,2018,9,natural_gas,22081000.0,53.8115
2018-09-01,2018,9,nuclear,3588000.0,8.744
2018-09-01,2018,9,hydro,71000.0,0.173
2018-09-01,2018,9,wind,4165000.0,10.1501
2018-09-01,2018,9,solar,331000.0,0.8066
2018-09-01,2018,9,other,456000.0,1.1113
2018-10-01,2018,10,coal,9517000.0,25.4445
2018-10-01,2018,10,natural_gas,18559000.0,49.619
2018-10-01,2018,10,nuclear,2903000.0,7.7614
2018-10-01,2018,10,hydro,68000.0,0.1818
2018-10-01,2018,10,wind,5599000.0,14.9694
2018-10-01,2018,10,solar,276000.0,0.7379
2018-10-01,2018,10,other,481000.0,1.286
2018-11-01,2018,11,coal,9255000.0,26.0147
2018-11-01,2018,11,natural_gas,16093000.0,45.2356
2018-11-01,2018,11,nuclear,3295000.0,9.2619
2018-11-01,2018,11,hydro,79000.0,0.2221
2018-11-01,2018,11,wind,6074000.0,17.0733
2018-11-01,2018,11,solar,286000.0,0.8039
2018-11-01,2018,11,other,494000.0,1.3886
2018-12-01,2018,12,coal,9274000.0,25.0236
2018-12-01,2018,12,natural_gas,17264000.0,46.5827
2018-12-01,2018,12,nuclear,3109000.0,8.3889
2018-12-01,2018,12,hydro,85000.0,0.2294
2018-12-01,2018,12,wind,6556000.0,17.6898
2018-12-01,2018,12,solar,246000.0,0.6638
2018-12-01,2018,12,other,527000.0,1.422
2019-01-01,2019,1,coal,8376000.0,21.531
2019-01-01,2019,1,natural_gas,19381000.0,49.8201
2019-01-01,2019,1,nuclear,3229000.0,8.3003
2019-01-01,2019,1,hydro,137000.0,0.3522
2019-01-01,2019,1,wind,6925000.0,17.8011
2019-01-01,2019,1,solar,298000.0,0.766
2019-01-01,2019,1,other,556000.0,1.4292
2019-02-01,2019,2,coal,7447000.0,21.8214
2019-02-01,2019,2,natural_gas,15586000.0,45.6706
2019-02-01,2019,2,nuclear,3430000.0,10.0507
2019-02-01,2019,2,hydro,220000.0,0.6447
2019-02-01,2019,2,wind,6639000.0,19.4538
2019-02-01,2019,2,solar,297000.0,0.8703
2019-02-01,2019,2,other,508000.0,1.4886
2019-03-01,2019,3,coal,7306000.0,20.523
2019-03-01,2019,3,natural_gas,16853000.0,47.3412
2019-03-01,2019,3,nuclear,3721000.0,10.4525
2019-03-01,2019,3,hydro,86000.0,0.2416
2019-03-01,2019,3,wind,6694000.0,18.8039
2019-03-01,2019,3,solar,365000.0,1.0253
2019-03-01,2019,3,other,574000.0,1.6124
2019-04-01,2019,4,coal,6027000.0,17.9231
2019-04-01,2019,4,natural_gas,15302000.0,45.5051
2019-04-01,2019,4,nuclear,3251000.0,9.6678
2019-04-01,2019,4,hydro,161000.0,0.4788
2019-04-01,2019,4,wind,7839000.0,23.3116
2019-04-01,2019,4,solar,515000.0,1.5315
2019-04-01,2019,4,other,532000.0,1.5821
2019-05-01,2019,5,coal,7859000.0,19.3872
2019-05-01,2019,5,natural_gas,20803000.0,51.3185
2019-05-01,2019,5,nuclear,2933000.0,7.2354
2019-05-01,2019,5,hydro,187000.0,0.4613
2019-05-01,2019,5,wind,7762000.0,19.1479
2019-05-01,2019,5,solar,493000.0,1.2162
2019-05-01,2019,5,other,500000.0,1.2334
2019-06-01,2019,6,coal,8396000.0,19.2031
2019-06-01,2019,6,natural_gas,24252000.0,55.4686
2019-06-01,2019,6,nuclear,3600000.0,8.2338
2019-06-01,2019,6,hydro,114000.0,0.2607
2019-06-01,2019,6,wind,6290000.0,14.3864
2019-06-01,2019,6,solar,575000.0,1.3151
2019-06-01,2019,6,other,495000.0,1.1322
2019-07-01,2019,7,coal,9137000.0,18.642
2019-07-01,2019,7,natural_gas,28137000.0,57.4072
2019-07-01,2019,7,nuclear,3704000.0,7.5572
2019-07-01,2019,7,hydro,180000.0,0.3672
2019-07-01,2019,7,wind,6731000.0,13.7331
2019-07-01,2019,7,solar,594000.0,1.2119
2019-07-01,2019,7,other,530000.0,1.0813
2019-08-01,2019,8,coal,8893000.0,17.3265
2019-08-01,2019,8,natural_gas,30948000.0,60.2969
2019-08-01,2019,8,nuclear,3690000.0,7.1893
2019-08-01,2019,8,hydro,82000.0,0.1598
2019-08-01,2019,8,wind,6489000.0,12.6427
2019-08-01,2019,8,solar,565000.0,1.1008
2019-08-01,2019,8,other,659000.0,1.2839
2019-09-01,2019,9,coal,8309000.0,18.0969
2019-09-01,2019,9,natural_gas,26426000.0,57.5554
2019-09-01,2019,9,nuclear,3581000.0,7.7994
2019-09-01,2019,9,hydro,87000.0,0.1895
2019-09-01,2019,9,wind,6517000.0,14.1939
2019-09-01,2019,9,solar,486000.0,1.0585
2019-09-01,2019,9,other,508000.0,1.1064
2019-10-01,2019,10,coal,7005000.0,18.1849
2019-10-01,2019,10,natural_gas,20152000.0,52.3143
2019-10-01,2019,10,nuclear,2872000.0,7.4557
2019-10-01,2019,10,hydro,82000.0,0.2129
2019-10-01,2019,10,wind,7455000.0,19.3531
2019-10-01,2019,10,solar,445000.0,1.1552
2019-10-01,2019,10,other,510000.0,1.324
2019-11-01,2019,11,coal,6786000.0,18.7474
2019-11-01,2019,11,natural_gas,17967000.0,49.6367
2019-11-01,2019,11,nuclear,3497000.0,9.661
2019-11-01,2019,11,hydro,76000.0,0.21
2019-11-01,2019,11,wind,6990000.0,19.311
2019-11-01,2019,11,solar,346000.0,0.9559
2019-11-01,2019,11,other,535000.0,1.478
2019-12-01,2019,12,coal,6275000.0,16.4383
2019-12-01,2019,12,natural_gas,19820000.0,51.9215
2019-12-01,2019,12,nuclear,3790000.0,9.9285
2019-12-01,2019,12,hydro,62000.0,0.1624
2019-12-01,2019,12,wind,7290000.0,19.0973
2019-12-01,2019,12,solar,386000.0,1.0112
2019-12-01,2019,12,other,550000.0,1.4408
2020-01-01,2020,1,coal,5291000.0,14.049
2020-01-01,2020,1,natural_gas,19635000.0,52.1362
2020-01-01,2020,1,nuclear,3712000.0,9.8564
2020-01-01,2020,1,hydro,57000.0,0.1514
2020-01-01,2020,1,wind,7976000.0,21.1784
2020-01-01,2020,1,solar,447000.0,1.1869
2020-01-01,2020,1,other,543000.0,1.4418
2020-02-01,2020,2,coal,4823000.0,13.4147
2020-02-01,2020,2,natural_gas,18716000.0,52.0569
2020-02-01,2020,2,nuclear,3548000.0,9.8684
2020-02-01,2020,2,hydro,112000.0,0.3115
2020-02-01,2020,2,wind,7714000.0,21.4558
2020-02-01,2020,2,solar,519000.0,1.4436
2020-02-01,2020,2,other,521000.0,1.4491
2020-03-01,2020,3,coal,4999000.0,14.1334
2020-03-01,2020,3,natural_gas,18314000.0,51.7783
2020-03-01,2020,3,nuclear,3187000.0,9.0105
2020-03-01,2020,3,hydro,106000.0,0.2997
2020-03-01,2020,3,wind,7699000.0,21.767
2020-03-01,2020,3,solar,564000.0,1.5946
2020-03-01,2020,3,other,501000.0,1.4165
2020-04-01,2020,4,coal,5532000.0,16.3379
2020-04-01,2020,4,natural_gas,16430000.0,48.5233
2020-04-01,2020,4,nuclear,2673000.0,7.8943
2020-04-01,2020,4,hydro,127000.0,0.3751
2020-04-01,2020,4,wind,7950000.0,23.479
2020-04-01,2020,4,solar,711000.0,2.0998
2020-04-01,2020,4,other,437000.0,1.2906
2020-05-01,2020,5,coal,5877000.0,15.1578
2020-05-01,2020,5,natural_gas,19612000.0,50.5829
2020-05-01,2020,5,nuclear,3386000.0,8.7331
2020-05-01,2020,5,hydro,139000.0,0.3585
2020-05-01,2020,5,wind,8314000.0,21.4433
2020-05-01,2020,5,solar,994000.0,2.5637
2020-05-01,2020,5,other,450000.0,1.1606
2020-06-01,2020,6,coal,6595000.0,15.0252
2020-06-01,2020,6,natural_gas,23211000.0,52.8809
2020-06-01,2020,6,nuclear,3613000.0,8.2314
2020-06-01,2020,6,hydro,65000.0,0.1481
2020-06-01,2020,6,wind,8859000.0,20.1832
2020-06-01,2020,6,solar,1072000.0,2.4423
2020-06-01,2020,6,other,478000.0,1.089
2020-07-01,2020,7,coal,8225000.0,16.4648
2020-07-01,2020,7,natural_gas,28837000.0,57.726
2020-07-01,2020,7,nuclear,3716000.0,7.4387
2020-07-01,2020,7,hydro,89000.0,0.1782
2020-07-01,2020,7,wind,7276000.0,14.5651
2020-07-01,2020,7,solar,1330000.0,2.6624
2020-07-01,2020,7,other,482000.0,0.9649
2020-08-01,2020,8,coal,9067000.0,18.2843
2020-08-01,2020,8,natural_gas,28215000.0,56.8977
2020-08-01,2020,8,nuclear,3697000.0,7.4553
2020-08-01,2020,8,hydro,71000.0,0.1432
2020-08-01,2020,8,wind,6689000.0,13.4889
2020-08-01,2020,8,solar,1238000.0,2.4965
2020-08-01,2020,8,other,612000.0,1.2341
2020-09-01,2020,9,coal,7441000.0,18.3384
2020-09-01,2020,9,natural_gas,22468000.0,55.3726
2020-09-01,2020,9,nuclear,3603000.0,8.8796
2020-09-01,2020,9,hydro,96000.0,0.2366
2020-09-01,2020,9,wind,5522000.0,13.609
2020-09-01,2020,9,solar,988000.0,2.4349
2020-09-01,2020,9,other,458000.0,1.1287
2020-10-01,2020,10,coal,6664000.0,17.254
2020-10-01,2020,10,natural_gas,19596000.0,50.7366
2020-10-01,2020,10,nuclear,3103000.0,8.0341
2020-10-01,2020,10,hydro,90000.0,0.233
2020-10-01,2020,10,wind,7838000.0,20.2936
2020-10-01,2020,10,solar,864000.0,2.237
2020-10-01,2020,10,other,468000.0,1.2117
2020-11-01,2020,11,coal,6539000.0,19.0814
2020-11-01,2020,11,natural_gas,15097000.0,44.0544
2020-11-01,2020,11,nuclear,3400000.0,9.9215
2020-11-01,2020,11,hydro,60000.0,0.1751
2020-11-01,2020,11,wind,7981000.0,23.2893
2020-11-01,2020,11,solar,713000.0,2.0806
2020-11-01,2020,11,other,479000.0,1.3978
2020-12-01,2020,12,coal,7774000.0,20.4692
2020-12-01,2020,12,natural_gas,16498000.0,43.4398
2020-12-01,2020,12,nuclear,3801000.0,10.0082
2020-12-01,2020,12,hydro,67000.0,0.1764
2020-12-01,2020,12,wind,8621000.0,22.6994
2020-12-01,2020,12,solar,712000.0,1.8747
2020-12-01,2020,12,other,506000.0,1.3323
2021-01-01,2021,1,coal,7959000.0,20.6288
2021-01-01,2021,1,natural_gas,17408000.0,45.1195
2021-01-01,2021,1,nuclear,3799000.0,9.8466
2021-01-01,2021,1,hydro,99000.0,0.2566
2021-01-01,2021,1,wind,8036000.0,20.8284
2021-01-01,2021,1,solar,814000.0,2.1098
2021-01-01,2021,1,other,467000.0,1.2104
2021-02-01,2021,2,coal,6812000.0,19.4152
2021-02-01,2021,2,natural_gas,17401000.0,49.5953
2021-02-01,2021,2,nuclear,3314000.0,9.4454
2021-02-01,2021,2,hydro,55000.0,0.1568
2021-02-01,2021,2,wind,6386000.0,18.201
2021-02-01,2021,2,solar,788000.0,2.2459
2021-02-01,2021,2,other,330000.0,0.9405
2021-03-01,2021,3,coal,4912000.0,14.4752
2021-03-01,2021,3,natural_gas,13082000.0,38.5513
2021-03-01,2021,3,nuclear,3369000.0,9.9281
2021-03-01,2021,3,hydro,89000.0,0.2623
2021-03-01,2021,3,wind,10970000.0,32.3275
2021-03-01,2021,3,solar,1184000.0,3.4891
2021-03-01,2021,3,other,328000.0,0.9666
2021-04-01,2021,4,coal,5387000.0,15.3244
2021-04-01,2021,4,natural_gas,15679000.0,44.6022
2021-04-01,2021,4,nuclear,2986000.0,8.4943
2021-04-01,2021,4,hydro,83000.0,0.2361
2021-04-01,2021,4,wind,9518000.0,27.0759
2021-04-01,2021,4,solar,1139000.0,3.2401
2021-04-01,2021,4,other,361000.0,1.0269
2021-05-01,2021,5,coal,6740000.0,17.0888
2021-05-01,2021,5,natural_gas,17282000.0,43.8173
2021-05-01,2021,5,nuclear,3749000.0,9.5053
2021-05-01,2021,5,hydro,166000.0,0.4209
2021-05-01,2021,5,wind,9557000.0,24.2311
2021-05-01,2021,5,solar,1545000.0,3.9172
2021-05-01,2021,5,other,402000.0,1.0192
2021-06-01,2021,6,coal,9386000.0,20.2739
2021-06-01,2021,6,natural_gas,24224000.0,52.3242
2021-06-01,2021,6,nuclear,3099000.0,6.6939
2021-06-01,2021,6,hydro,129000.0,0.2786
2021-06-01,2021,6,wind,7228000.0,15.6126
2021-06-01,2021,6,solar,1784000.0,3.8535
2021-06-01,2021,6,other,446000.0,0.9634
2021-07-01,2021,7,coal,9918000.0,20.3309
2021-07-01,2021,7,natural_gas,26934000.0,55.2119
2021-07-01,2021,7,nuclear,3668000.0,7.519
2021-07-01,2021,7,hydro,130000.0,0.2665
2021-07-01,2021,7,wind,5599000.0,11.4774
2021-07-01,2021,7,solar,1966000.0,4.0301
2021-07-01,2021,7,other,568000.0,1.1643
2021-08-01,2021,8,coal,9538000.0,18.9085
2021-08-01,2021,8,natural_gas,27239000.0,53.9996
2021-08-01,2021,8,nuclear,3696000.0,7.3271
2021-08-01,2021,8,hydro,87000.0,0.1725
2021-08-01,2021,8,wind,7375000.0,14.6205
2021-08-01,2021,8,solar,1913000.0,3.7924
2021-08-01,2021,8,other,595000.0,1.1795
2021-09-01,2021,9,coal,8688000.0,19.5166
2021-09-01,2021,9,natural_gas,22708000.0,51.0109
2021-09-01,2021,9,nuclear,3594000.0,8.0735
2021-09-01,2021,9,hydro,58000.0,0.1303
2021-09-01,2021,9,wind,6985000.0,15.691
2021-09-01,2021,9,solar,1908000.0,4.2861
2021-09-01,2021,9,other,575000.0,1.2917
2021-10-01,2021,10,coal,7059000.0,17.7791
2021-10-01,2021,10,natural_gas,19426000.0,48.9271
2021-10-01,2021,10,nuclear,2174000.0,5.4755
2021-10-01,2021,10,hydro,64000.0,0.1612
2021-10-01,2021,10,wind,8850000.0,22.2899
2021-10-01,2021,10,solar,1626000.0,4.0953
2021-10-01,2021,10,other,505000.0,1.2719
2021-11-01,2021,11,coal,6252000.0,17.6142
2021-11-01,2021,11,natural_gas,15574000.0,43.8778
2021-11-01,2021,11,nuclear,2973000.0,8.3761
2021-11-01,2021,11,hydro,58000.0,0.1634
2021-11-01,2021,11,wind,8849000.0,24.931
2021-11-01,2021,11,solar,1327000.0,3.7387
2021-11-01,2021,11,other,461000.0,1.2988
2021-12-01,2021,12,coal,6167000.0,16.2409
2021-12-01,2021,12,natural_gas,16163000.0,42.5656
2021-12-01,2021,12,nuclear,3789000.0,9.9784
2021-12-01,2021,12,hydro,64000.0,0.1685
2021-12-01,2021,12,wind,10121000.0,26.6539
2021-12-01,2021,12,solar,1212000.0,3.1918
2021-12-01,2021,12,other,456000.0,1.2009
2022-01-01,2022,1,coal,7690000.0,18.4802
2022-01-01,2022,1,natural_gas,19192000.0,46.1213
2022-01-01,2022,1,nuclear,3802000.0,9.1368
2022-01-01,2022,1,hydro,30000.0,0.0721
2022-01-01,2022,1,wind,8866000.0,21.3064
2022-01-01,2022,1,solar,1491000.0,3.5831
2022-01-01,2022,1,other,541000.0,1.3001
2022-02-01,2022,2,coal,7074000.0,18.3884
2022-02-01,2022,2,natural_gas,16965000.0,44.0993
2022-02-01,2022,2,nuclear,3436000.0,8.9316
2022-02-01,2022,2,hydro,39000.0,0.1014
2022-02-01,2022,2,wind,8809000.0,22.8984
2022-02-01,2022,2,solar,1591000.0,4.1357
2022-02-01,2022,2,other,556000.0,1.4453
2022-03-01,2022,3,coal,5993000.0,16.2109
2022-03-01,2022,3,natural_gas,13497000.0,36.509
2022-03-01,2022,3,nuclear,3777000.0,10.2167
2022-03-01,2022,3,hydro,49000.0,0.1325
2022-03-01,2022,3,wind,11319000.0,30.6175
2022-03-01,2022,3,solar,1916000.0,5.1827
2022-03-01,2022,3,other,418000.0,1.1307
2022-04-01,2022,4,coal,6048000.0,15.7849
2022-04-01,2022,4,natural_gas,14177000.0,37.0012
2022-04-01,2022,4,nuclear,3041000.0,7.9368
2022-04-01,2022,4,hydro,88000.0,0.2297
2022-04-01,2022,4,wind,12494000.0,32.6086
2022-04-01,2022,4,solar,2012000.0,5.2512
2022-04-01,2022,4,other,455000.0,1.1875
2022-05-01,2022,5,coal,6394000.0,13.6969
2022-05-01,2022,5,natural_gas,20998000.0,44.9809
2022-05-01,2022,5,nuclear,3236000.0,6.932
2022-05-01,2022,5,hydro,74000.0,0.1585
2022-05-01,2022,5,wind,13017000.0,27.8844
2022-05-01,2022,5,solar,2373000.0,5.0833
2022-05-01,2022,5,other,590000.0,1.2639
2022-06-01,2022,6,coal,8225000.0,16.1224
2022-06-01,2022,6,natural_gas,25550000.0,50.0823
2022-06-01,2022,6,nuclear,3592000.0,7.0409
2022-06-01,2022,6,hydro,69000.0,0.1353
2022-06-01,2022,6,wind,10257000.0,20.1055
2022-06-01,2022,6,solar,2772000.0,5.4336
2022-06-01,2022,6,other,551000.0,1.0801
2022-07-01,2022,7,coal,8846000.0,15.8496
2022-07-01,2022,7,natural_gas,30359000.0,54.3951
2022-07-01,2022,7,nuclear,3688000.0,6.6079
2022-07-01,2022,7,hydro,44000.0,0.0788
2022-07-01,2022,7,wind,9276000.0,16.6201
2022-07-01,2022,7,solar,3039000.0,5.4451
2022-07-01,2022,7,other,560000.0,1.0034
2022-08-01,2022,8,coal,8761000.0,16.6398
2022-08-01,2022,8,natural_gas,30385000.0,57.7102
2022-08-01,2022,8,nuclear,3693000.0,7.0141
2022-08-01,2022,8,hydro,39000.0,0.0741
2022-08-01,2022,8,wind,6668000.0,12.6645
2022-08-01,2022,8,solar,2576000.0,4.8926
2022-08-01,2022,8,other,529000.0,1.0047
2022-09-01,2022,9,coal,7380000.0,16.1622
2022-09-01,2022,9,natural_gas,25514000.0,55.8758
2022-09-01,2022,9,nuclear,3339000.0,7.3124
2022-09-01,2022,9,hydro,45000.0,0.0986
2022-09-01,2022,9,wind,6217000.0,13.6153
2022-09-01,2022,9,solar,2669000.0,5.8451
2022-09-01,2022,9,other,498000.0,1.0906
2022-10-01,2022,10,coal,6299000.0,15.7463
2022-10-01,2022,10,natural_gas,19843000.0,49.6038
2022-10-01,2022,10,nuclear,2939000.0,7.3469
2022-10-01,2022,10,hydro,33000.0,0.0825
2022-10-01,2022,10,wind,8218000.0,20.5435
2022-10-01,2022,10,solar,2187000.0,5.4671
2022-10-01,2022,10,other,484000.0,1.2099
2022-11-01,2022,11,coal,6000000.0,15.0176
2022-11-01,2022,11,natural_gas,18772000.0,46.9852
2022-11-01,2022,11,nuclear,3274000.0,8.1946
2022-11-01,2022,11,hydro,41000.0,0.1026
2022-11-01,2022,11,wind,9998000.0,25.0244
2022-11-01,2022,11,solar,1458000.0,3.6493
2022-11-01,2022,11,other,410000.0,1.0262
2022-12-01,2022,12,coal,6626000.0,15.4524
2022-12-01,2022,12,natural_gas,20888000.0,48.7127
2022-12-01,2022,12,nuclear,3789000.0,8.8363
2022-12-01,2022,12,hydro,68000.0,0.1586
2022-12-01,2022,12,wind,9647000.0,22.4977
2022-12-01,2022,12,solar,1353000.0,3.1553
2022-12-01,2022,12,other,509000.0,1.187
2023-01-01,2023,1,coal,5266000.0,12.5827
2023-01-01,2023,1,natural_gas,18681000.0,44.6369
2023-01-01,2023,1,nuclear,3785000.0,9.044
2023-01-01,2023,1,hydro,73000.0,0.1744
2023-01-01,2023,1,wind,11991000.0,28.6516
2023-01-01,2023,1,solar,1661000.0,3.9688
2023-01-01,2023,1,other,394000.0,0.9414
2023-02-01,2023,2,coal,4220000.0,10.965
2023-02-01,2023,2,natural_gas,17715000.0,46.0297
2023-02-01,2023,2,nuclear,3424000.0,8.8967
2023-02-01,2023,2,hydro,98000.0,0.2546
2023-02-01,2023,2,wind,11071000.0,28.7663
2023-02-01,2023,2,solar,1575000.0,4.0924
2023-02-01,2023,2,other,383000.0,0.9952
2023-03-01,2023,3,coal,4610000.0,11.3948
2023-03-01,2023,3,natural_gas,17615000.0,43.5401
2023-03-01,2023,3,nuclear,3290000.0,8.1321
2023-03-01,2023,3,hydro,132000.0,0.3263
2023-03-01,2023,3,wind,12164000.0,30.0665
2023-03-01,2023,3,solar,2202000.0,5.4428
2023-03-01,2023,3,other,444000.0,1.0975
2023-04-01,2023,4,coal,4425000.0,11.475
2023-04-01,2023,4,natural_gas,16989000.0,44.0563
2023-04-01,2023,4,nuclear,2694000.0,6.9862
2023-04-01,2023,4,hydro,107000.0,0.2775
2023-04-01,2023,4,wind,11284000.0,29.262
2023-04-01,2023,4,solar,2665000.0,6.9109
2023-04-01,2023,4,other,398000.0,1.0321
2023-05-01,2023,5,coal,5709000.0,12.6774
2023-05-01,2023,5,natural_gas,24228000.0,53.8005
2023-05-01,2023,5,nuclear,2907000.0,6.4553
2023-05-01,2023,5,hydro,87000.0,0.1932
2023-05-01,2023,5,wind,8515000.0,18.9084
2023-05-01,2023,5,solar,3145000.0,6.9838
2023-05-01,2023,5,other,442000.0,0.9815
2023-06-01,2023,6,coal,7166000.0,13.7464
2023-06-01,2023,6,natural_gas,28686000.0,55.0278
2023-06-01,2023,6,nuclear,3419000.0,6.5586
2023-06-01,2023,6,hydro,36000.0,0.0691
2023-06-01,2023,6,wind,8984000.0,17.2338
2023-06-01,2023,6,solar,3370000.0,6.4646
2023-06-01,2023,6,other,469000.0,0.8997
2023-07-01,2023,7,coal,8010000.0,13.8493
2023-07-01,2023,7,natural_gas,31759000.0,54.9112
2023-07-01,2023,7,nuclear,3661000.0,6.3299
2023-07-01,2023,7,hydro,52000.0,0.0899
2023-07-01,2023,7,wind,9989000.0,17.271
2023-07-01,2023,7,solar,3823000.0,6.61
2023-07-01,2023,7,other,543000.0,0.9388
2023-08-01,2023,8,coal,8314000.0,13.7131
2023-08-01,2023,8,natural_gas,35462000.0,58.4911
2023-08-01,2023,8,nuclear,3660000.0,6.0368
2023-08-01,2023,8,hydro,58000.0,0.0957
2023-08-01,2023,8,wind,8835000.0,14.5725
2023-08-01,2023,8,solar,3743000.0,6.1737
2023-08-01,2023,8,other,556000.0,0.9171
2023-09-01,2023,9,coal,7286000.0,13.9648
2023-09-01,2023,9,natural_gas,29445000.0,56.4362
2023-09-01,2023,9,nuclear,3559000.0,6.8214
2023-09-01,2023,9,hydro,41000.0,0.0786
2023-09-01,2023,9,wind,8138000.0,15.5978
2023-09-01,2023,9,solar,3190000.0,6.1142
2023-09-01,2023,9,other,515000.0,0.9871
2023-10-01,2023,10,coal,5875000.0,13.4692
2023-10-01,2023,10,natural_gas,21596000.0,49.5117
2023-10-01,2023,10,nuclear,3236000.0,7.419
2023-10-01,2023,10,hydro,30000.0,0.0688
2023-10-01,2023,10,wind,9754000.0,22.3623
2023-10-01,2023,10,solar,2728000.0,6.2543
2023-10-01,2023,10,other,399000.0,0.9148
2023-11-01,2023,11,coal,5522000.0,13.9339
2023-11-01,2023,11,natural_gas,19648000.0,49.5786
2023-11-01,2023,11,nuclear,3258000.0,8.221
2023-11-01,2023,11,hydro,26000.0,0.0656
2023-11-01,2023,11,wind,8780000.0,22.1549
2023-11-01,2023,11,solar,2009000.0,5.0694
2023-11-01,2023,11,other,387000.0,0.9765
2023-12-01,2023,12,coal,5212000.0,12.3075
2023-12-01,2023,12,natural_gas,20336000.0,48.0212
2023-12-01,2023,12,nuclear,3787000.0,8.9426
2023-12-01,2023,12,hydro,19000.0,0.0449
2023-12-01,2023,12,wind,10351000.0,24.4427
2023-12-01,2023,12,solar,2213000.0,5.2257
2023-12-01,2023,12,other,430000.0,1.0154
2024-01-01,2024,1,coal,7059000.0,14.7675
2024-01-01,2024,1,natural_gas,24939000.0,52.1725
2024-01-01,2024,1,nuclear,3437000.0,7.1902
2024-01-01,2024,1,hydro,37000.0,0.0774
2024-01-01,2024,1,wind,9490000.0,19.8531
2024-01-01,2024,1,solar,2329000.0,4.8723
2024-01-01,2024,1,other,510000.0,1.0669
2024-02-01,2024,2,coal,3487000.0,8.9296
2024-02-01,2024,2,natural_gas,16989000.0,43.5058
2024-02-01,2024,2,nuclear,3500000.0,8.9629
2024-02-01,2024,2,hydro,71000.0,0.1818
2024-02-01,2024,2,wind,12038000.0,30.8271
2024-02-01,2024,2,solar,2651000.0,6.7887
2024-02-01,2024,2,other,314000.0,0.8041
2024-03-01,2024,3,coal,3210000.0,7.8123
2024-03-01,2024,3,natural_gas,19675000.0,47.8839
2024-03-01,2024,3,nuclear,3056000.0,7.4375
2024-03-01,2024,3,hydro,73000.0,0.1777
2024-03-01,2024,3,wind,11444000.0,27.8517
2024-03-01,2024,3,solar,3267000.0,7.951
2024-03-01,2024,3,other,364000.0,0.8859
2024-04-01,2024,4,coal,3859000.0,9.2204
2024-04-01,2024,4,natural_gas,18797000.0,44.912
2024-04-01,2024,4,nuclear,2648000.0,6.3269
2024-04-01,2024,4,hydro,54000.0,0.129
2024-04-01,2024,4,wind,12816000.0,30.6215
2024-04-01,2024,4,solar,3364000.0,8.0377
2024-04-01,2024,4,other,315000.0,0.7526
2024-05-01,2024,5,coal,4859000.0,10.0155
2024-05-01,2024,5,natural_gas,25165000.0,51.8706
2024-05-01,2024,5,nuclear,2882000.0,5.9404
2024-05-01,2024,5,hydro,108000.0,0.2226
2024-05-01,2024,5,wind,11277000.0,23.2444
2024-05-01,2024,5,solar,3870000.0,7.9769
2024-05-01,2024,5,other,354000.0,0.7297
2024-06-01,2024,6,coal,5475000.0,10.1923
2024-06-01,2024,6,natural_gas,28291000.0,52.6668
2024-06-01,2024,6,nuclear,3530000.0,6.5715
2024-06-01,2024,6,hydro,136000.0,0.2532
2024-06-01,2024,6,wind,11167000.0,20.7886
2024-06-01,2024,6,solar,4677000.0,8.7067
2024-06-01,2024,6,other,441000.0,0.821
2024-07-01,2024,7,coal,6843000.0,12.4136
2024-07-01,2024,7,natural_gas,30493000.0,55.3161
2024-07-01,2024,7,nuclear,3408000.0,6.1823
2024-07-01,2024,7,hydro,79000.0,0.1433
2024-07-01,2024,7,wind,9125000.0,16.5533
2024-07-01,2024,7,solar,4800000.0,8.7075
2024-07-01,2024,7,other,377000.0,0.6839
2024-08-01,2024,8,coal,7370000.0,12.3164
2024-08-01,2024,8,natural_gas,34654000.0,57.9121
2024-08-01,2024,8,nuclear,3610000.0,6.0329
2024-08-01,2024,8,hydro,71000.0,0.1187
2024-08-01,2024,8,wind,8464000.0,14.1446
2024-08-01,2024,8,solar,5240000.0,8.7568
2024-08-01,2024,8,other,430000.0,0.7186
2024-09-01,2024,9,coal,6677000.0,13.2027
2024-09-01,2024,9,natural_gas,28544000.0,56.4412
2024-09-01,2024,9,nuclear,3564000.0,7.0472
2024-09-01,2024,9,hydro,34000.0,0.0672
2024-09-01,2024,9,wind,6864000.0,13.5725
2024-09-01,2024,9,solar,4524000.0,8.9455
2024-09-01,2024,9,other,366000.0,0.7237
2024-10-01,2024,10,coal,5663000.0,11.713
2024-10-01,2024,10,natural_gas,24744000.0,51.179
2024-10-01,2024,10,nuclear,2514000.0,5.1998
2024-10-01,2024,10,hydro,32000.0,0.0662
2024-10-01,2024,10,wind,10450000.0,21.6141
2024-10-01,2024,10,solar,4559000.0,9.4296
2024-10-01,2024,10,other,386000.0,0.7984
2024-11-01,2024,11,coal,5106000.0,12.0964
2024-11-01,2024,11,natural_gas,19830000.0,46.9783
2024-11-01,2024,11,nuclear,2680000.0,6.3491
2024-11-01,2024,11,hydro,39000.0,0.0924
2024-11-01,2024,11,wind,10893000.0,25.8061
2024-11-01,2024,11,solar,3315000.0,7.8534
2024-11-01,2024,11,other,348000.0,0.8244
2024-12-01,2024,12,coal,5938000.0,13.3694
2024-12-01,2024,12,natural_gas,21072000.0,47.4434
2024-12-01,2024,12,nuclear,3785000.0,8.5219
2024-12-01,2024,12,hydro,40000.0,0.0901
2024-12-01,2024,12,wind,10249000.0,23.0755
2024-12-01,2024,12,solar,2920000.0,6.5744
2024-12-01,2024,12,other,411000.0,0.9254
